Rk,Player,Age,Team,Pos,G,GS,MP,PER,TS%,3PAr,FTr,ORB%,DRB%,TRB%,AST%,STL%,BLK%,TOV%,USG%,OWS,DWS,WS,WS/48,OBPM,DBPM,BPM,VORP,Awards,Player-additional
1,Tyrese Maxey,25,PHI,PG,52,52,2008,22.7,.598,.411,.283,0.8,11.2,5.9,29.8,2.5,1.8,9.1,29.2,5.3,2.1,7.4,.176,5.3,0.6,5.9,3.9,,maxeyty01
2,Amen Thompson,23,HOU,PG,52,52,1937,17.8,.568,.126,.352,8.5,13.8,11.2,21.0,1.9,1.5,13.8,20.2,3.5,2.4,6.0,.148,1.0,0.8,1.9,1.9,,thompam01
3,Mikal Bridges,29,NYK,SF,55,55,1895,16.6,.604,.441,.101,3.4,10.0,6.7,16.8,2.0,2.4,7.4,17.5,4.0,2.3,6.3,.159,2.1,1.4,3.5,2.7,,bridgmi01
4,Julius Randle,31,MIN,PF,56,56,1882,20.1,.599,.301,.393,5.6,17.1,11.4,24.3,1.6,0.7,12.1,26.5,4.3,2.3,6.6,.168,2.5,0.1,2.6,2.2,,randlju01
5,Toumani Camara,25,POR,PF,56,56,1873,10.8,.579,.667,.159,5.5,11.9,8.7,10.8,1.4,1.2,14.9,16.0,1.3,1.3,2.6,.067,-1.0,-0.5,-1.5,0.2,,camarto01
6,Scottie Barnes,24,TOR,PF,54,54,1856,19.7,.577,.202,.275,7.0,20.5,13.7,25.0,1.8,4.5,13.7,24.1,2.5,3.0,5.5,.142,1.8,2.2,4.0,2.8,,barnesc01
7,Trey Murphy III,25,NOP,SF,52,52,1853,18.9,.616,.525,.229,3.1,14.4,8.7,16.6,2.0,0.8,9.2,23.2,3.8,1.1,4.9,.126,3.3,-0.8,2.4,2.1,,murphtr02
8,Kevin Durant,37,HOU,SF,50,50,1835,20.2,.627,.322,.345,1.5,14.5,8.0,19.3,1.1,2.2,13.5,27.2,4.4,2.1,6.4,.168,3.6,0.1,3.7,2.6,,duranke01
9,Jabari Smith Jr.,22,HOU,PF,52,52,1823,13.4,.557,.495,.219,5.0,17.2,11.1,7.3,1.1,2.5,8.7,17.9,2.2,2.3,4.5,.118,-0.6,0.0,-0.6,0.7,,smithja05
10,DeMar DeRozan,36,SAC,PF,56,56,1813,17.5,.592,.163,.411,1.7,9.5,5.5,18.1,1.7,0.7,6.6,22.3,3.8,0.4,4.2,.111,0.6,-0.7,-0.1,0.9,,derozde01
11,Desmond Bane,27,ORL,SG,53,53,1801,15.7,.588,.344,.251,4.0,9.8,6.9,19.2,1.3,1.3,11.6,23.5,2.3,1.5,3.8,.101,0.7,-0.8,0.0,0.9,,banede01
12,Brandon Ingram,28,TOR,SF,53,53,1800,16.4,.570,.290,.263,2.6,16.4,9.4,17.0,1.1,2.3,11.5,27.1,1.0,2.1,3.1,.082,0.9,-0.6,0.4,1.1,,ingrabr01
13,Nickeil Alexander-Walker,27,ATL,SG,54,47,1795,15.0,.576,.518,.245,1.9,9.9,5.9,16.1,1.6,1.7,10.5,24.5,1.2,1.4,2.6,.070,0.4,-1.1,-0.7,0.6,,alexani01
14,Jalen Johnson,24,ATL,SF,50,50,1785,21.4,.592,.273,.324,4.7,27.9,16.1,34.9,1.7,1.3,14.9,27.1,2.9,2.4,5.3,.143,3.3,1.3,4.5,2.9,,johnsja05
15,Derrick White,31,BOS,SG,52,52,1781,16.5,.522,.577,.178,3.3,10.8,7.0,22.9,1.8,4.1,9.8,23.1,2.3,2.2,4.5,.122,2.4,0.6,3.0,2.3,,whitede01
16,Dyson Daniels,22,ATL,SG,53,53,1780,14.2,.520,.136,.165,7.0,13.8,10.4,24.7,2.6,1.1,15.0,16.3,1.3,2.0,3.3,.089,-1.4,1.1,-0.4,0.7,,daniedy01
17,Jamal Murray,28,DEN,PG,50,50,1780,22.6,.615,.397,.265,1.4,12.0,7.0,34.0,1.3,1.0,9.9,28.6,5.4,1.0,6.4,.173,5.9,-1.6,4.2,2.8,,murraja01
18,VJ Edgecombe,20,PHI,SG,50,50,1768,12.8,.528,.435,.179,5.0,12.1,8.4,16.8,2.0,1.3,11.4,19.1,1.0,1.6,2.6,.071,-1.0,0.0,-1.1,0.4,,edgecvj01
19,Donte DiVincenzo,29,MIN,SG,56,56,1745,13.4,.574,.760,.138,3.6,12.1,7.9,17.8,2.2,1.3,11.9,17.0,2.1,2.2,4.3,.117,0.4,0.9,1.3,1.5,,divindo01
20,Kon Knueppel,20,CHO,SF,54,53,1734,17.2,.646,.588,.212,4.3,14.7,9.7,17.2,1.0,0.7,13.1,22.1,3.8,1.4,5.1,.143,3.2,-0.6,2.7,2.0,,knuepko01
21,Jaden McDaniels,25,MIN,PF,54,54,1734,14.3,.623,.310,.229,4.0,10.5,7.3,12.5,1.4,2.8,12.5,18.0,2.5,1.9,4.4,.122,-0.4,0.4,0.0,0.9,,mcdanja02
22,Payton Pritchard,28,BOS,PG,53,48,1732,17.7,.578,.513,.140,3.0,11.0,7.0,23.8,1.2,0.3,7.4,21.3,4.5,1.5,5.9,.165,2.8,-0.5,2.3,1.9,,pritcpa01
23,Jalen Brunson,29,NYK,PG,50,50,1728,20.8,.587,.381,.280,1.6,9.0,5.3,29.0,1.0,0.3,8.7,30.9,4.8,1.3,6.1,.169,4.5,-1.3,3.2,2.2,,brunsja01
24,Pascal Siakam,31,IND,PF,51,51,1723,18.7,.560,.266,.323,4.8,17.0,10.7,20.5,1.6,1.2,9.3,29.3,1.3,1.5,2.8,.077,2.2,-0.7,1.5,1.5,,siakapa01
25,Donovan Mitchell,29,CLE,SG,51,51,1719,23.4,.619,.464,.289,2.6,12.0,7.2,29.0,2.2,0.8,11.7,32.6,4.4,1.8,6.2,.173,5.7,-0.1,5.6,3.3,,mitchdo01
26,Miles Bridges,27,CHO,PF,53,53,1707,16.0,.565,.446,.252,3.5,17.4,10.7,16.7,0.8,1.4,8.4,22.9,2.8,1.5,4.3,.120,1.3,-0.5,0.7,1.2,,bridgmi02
27,Rudy Gobert,33,MIN,C,54,54,1689,17.5,.673,.006,.644,13.3,25.6,19.6,7.1,1.1,4.6,13.9,12.7,3.5,2.8,6.3,.179,0.0,0.8,0.8,1.2,,goberru01
28,Immanuel Quickley,26,TOR,PG,52,52,1685,16.7,.579,.527,.229,1.9,13.3,7.5,27.1,1.9,0.3,9.8,21.4,2.9,1.9,4.8,.137,1.9,0.3,2.2,1.8,,quickim01
29,Jaylen Brown,29,BOS,SF,49,49,1676,22.3,.571,.265,.310,3.8,18.2,11.0,24.1,1.5,1.2,12.3,36.9,2.3,2.1,4.4,.125,3.7,-0.6,3.0,2.1,,brownja02
30,Cooper Flagg,19,DAL,SF,49,49,1669,17.4,.560,.218,.291,3.6,16.3,10.2,18.9,1.6,1.9,10.8,25.2,1.1,2.1,3.2,.092,0.6,0.7,1.3,1.4,,flaggco01
31,James Harden,36,2TM,PG,47,47,1656,21.8,.601,.507,.493,2.2,13.5,8.0,37.6,1.8,1.1,15.0,30.9,4.0,1.3,5.3,.153,4.7,-1.0,3.7,2.4,,hardeja01
31,James Harden,36,LAC,PG,44,44,1559,21.9,.598,.505,.485,2.1,13.4,7.9,37.7,1.8,1.0,14.8,31.4,3.6,1.2,4.9,.150,4.7,-1.0,3.7,2.2,,hardeja01
31,James Harden,36,CLE,PG,3,3,97,20.7,.679,.576,.667,3.3,14.7,9.0,35.7,0.5,3.8,20.5,22.9,0.3,0.1,0.4,.205,4.9,-0.1,4.8,0.2,,hardeja01
32,Anthony Black,22,ORL,PG,53,33,1649,14.6,.566,.386,.301,2.7,12.0,7.2,19.4,2.2,2.1,13.3,22.3,0.8,1.9,2.7,.078,-0.6,0.5,-0.1,0.8,,blackan01
33,Cade Cunningham,24,DET,PG,47,47,1640,22.1,.568,.303,.370,3.1,14.7,9.0,43.2,2.0,2.4,14.2,30.8,3.6,2.7,6.3,.184,4.8,1.4,6.2,3.4,,cunnica01
34,Ryan Rollins,23,MIL,PG,51,46,1633,16.0,.568,.421,.145,2.9,13.1,8.1,26.1,2.3,1.2,13.9,23.8,1.1,1.5,2.6,.077,0.4,-0.3,0.1,0.9,,rolliry01
35,Shai Gilgeous-Alexander,27,OKC,PG,49,49,1632,31.6,.670,.231,.469,1.9,12.2,7.3,34.0,1.9,2.3,8.1,33.6,8.5,2.9,11.4,.334,9.2,2.7,11.8,5.7,,gilgesh01
36,Anthony Edwards,24,MIN,SG,46,46,1632,22.4,.620,.411,.357,2.1,13.8,8.1,17.2,1.8,2.1,10.2,31.2,3.5,2.1,5.5,.163,5.0,-0.1,4.9,2.8,,edwaran01
37,Keyonte George,22,UTA,PG,48,48,1629,18.5,.612,.409,.436,1.5,11.0,6.2,29.4,1.5,0.8,14.5,27.6,3.0,0.1,3.1,.091,2.9,-2.2,0.7,1.1,,georgke01
38,Royce O'Neale,32,PHO,SF,55,50,1614,11.4,.594,.814,.060,2.6,16.0,9.1,13.4,2.0,0.9,14.9,14.7,1.2,1.9,3.1,.092,-0.4,0.8,0.5,1.0,,onealro01
39,Karl-Anthony Towns,30,NYK,C,51,51,1597,20.6,.594,.319,.433,10.5,31.5,20.9,13.7,1.4,1.9,13.2,26.0,3.1,2.6,5.8,.174,1.7,0.2,1.9,1.6,,townska01
40,Onyeka Okongwu,25,ATL,C,50,39,1596,15.9,.596,.439,.226,6.2,20.0,13.1,14.3,1.7,2.8,12.5,20.4,1.6,1.9,3.5,.105,-0.3,0.3,-0.1,0.8,,okongon01
41,Deni Avdija,25,POR,SF,46,46,1577,20.6,.606,.386,.567,3.6,19.3,11.3,30.8,1.1,1.6,15.7,29.0,3.5,1.4,5.0,.151,4.3,0.3,4.5,2.6,,avdijde01
42,Naji Marshall,28,DAL,SF,53,29,1568,16.1,.620,.283,.379,3.3,14.1,8.8,14.8,1.7,0.3,10.2,19.2,2.6,1.6,4.2,.128,0.0,0.7,0.6,1.0,,marshna01
43,Andrew Wiggins,30,MIA,SF,50,50,1564,14.7,.570,.383,.179,5.8,10.6,8.2,12.5,1.8,2.7,10.8,20.3,1.2,2.0,3.2,.097,0.3,0.6,0.9,1.1,,wiggian01
44,Alperen Şengün,23,HOU,C,46,46,1559,21.5,.552,.117,.362,10.3,20.1,15.2,29.2,2.0,2.8,14.4,27.0,2.7,2.5,5.2,.159,2.9,1.6,4.5,2.5,,sengual01
45,Nikola Vučević,35,2TM,C,51,48,1558,18.4,.584,.332,.115,7.7,23.9,15.9,18.3,1.1,1.9,9.6,21.8,2.4,1.4,3.8,.116,1.9,-0.1,1.8,1.5,,vucevni01
45,Nikola Vučević,35,CHI,C,48,48,1480,18.4,.585,.330,.112,7.4,23.8,15.7,18.6,1.0,1.8,9.1,21.7,2.3,1.2,3.6,.116,1.9,-0.2,1.7,1.4,,vucevni01
45,Nikola Vučević,35,BOS,C,3,0,78,19.0,.575,.364,.182,14.2,26.7,20.4,13.2,1.9,3.9,18.3,24.2,0.1,0.1,0.2,.121,1.0,1.4,2.5,0.1,,vucevni01
46,Matas Buzelis,21,CHI,PF,55,55,1554,14.9,.595,.482,.250,4.0,16.4,10.2,10.6,1.1,4.5,12.8,21.8,0.7,1.3,2.1,.064,-0.6,-0.4,-1.1,0.4,,buzelma01
47,CJ McCollum,34,2TM,SG,51,37,1537,15.4,.567,.445,.194,2.4,9.7,6.0,18.5,1.2,1.1,9.3,25.3,1.2,0.3,1.5,.048,1.1,-2.3,-1.2,0.3,,mccolcj01
47,CJ McCollum,34,WAS,SG,35,35,1082,15.3,.573,.461,.193,2.2,10.0,6.1,18.3,1.1,0.7,9.2,24.3,1.2,0.0,1.1,.050,1.2,-2.7,-1.5,0.1,,mccolcj01
47,CJ McCollum,34,ATL,PG,16,2,455,15.7,.553,.410,.197,2.8,9.1,5.9,19.0,1.4,2.0,9.7,27.5,0.1,0.3,0.4,.041,0.9,-1.4,-0.4,0.2,,mccolcj01
48,Collin Gillespie,26,PHO,PG,54,35,1527,16.5,.594,.668,.113,3.7,12.8,8.2,23.8,2.4,0.8,12.8,19.2,2.7,1.8,4.5,.142,2.7,0.8,3.5,2.1,,gilleco01
49,Dillon Brooks,30,PHO,SF,49,49,1523,14.7,.549,.391,.218,2.7,10.6,6.5,9.5,1.7,0.5,8.6,28.7,0.8,1.4,2.2,.069,-0.7,-1.3,-2.0,0.0,,brookdi01
50,Russell Westbrook,37,SAC,SF,52,46,1521,15.1,.533,.454,.212,5.2,17.0,10.9,34.3,2.2,0.5,19.2,25.9,-0.5,0.8,0.3,.009,0.6,-1.0,-0.4,0.6,,westbru01
51,Julian Champagnie,24,SAS,SF,54,40,1508,12.7,.600,.769,.229,3.6,18.8,11.3,6.7,1.3,1.3,9.2,15.4,1.6,2.2,3.8,.120,0.2,0.6,0.8,1.1,,champju02
52,Wendell Carter Jr.,26,ORL,C,51,51,1506,14.0,.603,.403,.340,7.8,20.1,13.9,9.9,1.3,2.1,11.1,15.5,2.2,1.8,3.9,.125,-1.0,0.4,-0.6,0.5,,cartewe01
53,Bam Adebayo,28,MIA,C,48,48,1506,17.3,.548,.328,.332,6.7,25.7,16.1,12.8,1.5,2.0,9.9,24.1,1.1,2.5,3.6,.114,0.8,0.7,1.5,1.3,,adebaba01
54,Peyton Watson,23,DEN,SF,49,39,1502,14.5,.600,.338,.331,3.6,14.0,9.1,9.0,1.6,3.6,12.4,20.3,1.1,1.3,2.4,.077,-0.5,-0.6,-1.1,0.4,,watsope01
55,Harrison Barnes,33,SAS,PF,54,49,1501,11.4,.595,.620,.216,3.4,8.1,5.8,10.0,1.1,0.7,9.4,14.9,1.8,1.5,3.3,.105,-0.4,-0.1,-0.5,0.6,,barneha02
56,Saddiq Bey,26,NOP,SF,49,41,1494,17.1,.572,.428,.308,5.6,15.4,10.4,11.9,1.4,0.1,4.7,20.8,3.0,0.6,3.7,.117,2.3,-1.8,0.5,0.9,,beysa01
57,Luka Dončić,26,LAL,PG,42,42,1492,27.5,.614,.468,.494,2.6,22.7,13.0,41.8,2.0,1.2,13.7,37.9,4.3,1.6,5.9,.191,7.4,0.7,8.2,3.8,,doncilu01
58,Tim Hardaway Jr.,33,DEN,SG,54,5,1487,14.3,.633,.698,.249,0.8,9.6,5.4,6.7,0.9,0.5,4.0,18.5,2.8,0.5,3.3,.108,1.7,-2.2,-0.5,0.5,,hardati02
59,Max Christie,22,DAL,SG,50,41,1484,12.7,.626,.595,.204,0.7,11.1,6.1,10.7,0.9,1.0,9.3,16.5,1.8,1.2,3.0,.096,0.1,0.0,0.1,0.8,,chrisma02
60,Kris Dunn,31,LAC,PG,54,48,1483,11.3,.589,.463,.193,3.3,8.8,6.1,17.6,2.7,0.5,17.0,13.2,1.3,1.2,2.5,.080,-2.4,0.9,-1.4,0.2,,dunnkr01
61,Bub Carrington,20,WAS,PG,53,24,1483,9.1,.542,.602,.153,1.6,11.8,6.7,22.3,1.1,0.7,20.4,17.5,-0.5,0.0,-0.5,-0.015,-2.6,-2.3,-4.9,-1.1,,carrica01
62,Paolo Banchero,23,ORL,PF,43,43,1482,17.3,.559,.242,.507,3.5,24.1,13.6,21.6,1.0,1.6,12.6,26.7,1.1,1.7,2.8,.090,1.0,-0.1,1.0,1.1,,banchpa01
63,A.J. Green,26,MIL,SG,49,49,1480,9.8,.643,.895,.087,0.9,8.7,4.9,9.1,0.9,0.3,9.2,13.4,1.6,0.5,2.1,.068,-1.3,-1.3,-2.6,-0.2,,greenaj01
64,Brandin Podziemski,22,GSW,SG,55,19,1478,13.8,.569,.471,.255,3.0,15.9,9.4,19.0,2.0,0.6,12.4,19.0,1.3,1.8,3.1,.101,-0.7,0.4,-0.3,0.7,,podzibr01
65,Jaime Jaquez Jr.,24,MIA,SF,51,1,1473,15.2,.560,.164,.262,4.7,14.6,9.6,23.8,1.3,0.9,14.2,22.2,1.0,1.7,2.7,.089,-0.5,0.5,0.0,0.7,,jaqueja01
66,Naz Reid,26,MIN,C,56,2,1468,16.8,.590,.553,.132,4.9,21.7,13.4,13.7,1.8,3.1,11.8,21.8,1.5,2.3,3.8,.126,1.1,1.1,2.2,1.6,,reidna01
67,Nic Claxton,26,BRK,C,50,49,1464,18.6,.608,.032,.422,9.7,19.7,14.4,22.1,1.2,4.0,12.0,17.4,3.1,1.3,4.4,.145,0.9,1.0,1.9,1.4,,claxtni01
68,Devin Booker,29,PHO,SG,43,43,1458,19.6,.580,.304,.440,2.6,10.6,6.5,30.1,1.3,0.8,13.3,31.2,2.8,1.2,4.0,.133,2.7,-1.0,1.7,1.4,,bookede01
69,Jaren Jackson Jr.,26,2TM,C,48,48,1454,15.8,.576,.327,.282,3.1,16.9,10.0,10.4,1.7,4.4,11.7,26.1,0.3,1.8,2.0,.067,-1.1,0.6,-0.4,0.6,,jacksja02
69,Jaren Jackson Jr.,26,MEM,C,45,45,1382,15.4,.574,.328,.279,3.2,16.8,10.0,9.8,1.6,4.6,11.7,25.6,0.2,1.7,1.9,.066,-1.2,0.6,-0.7,0.5,,jacksja02
69,Jaren Jackson Jr.,26,UTA,C,3,3,72,23.3,.598,.306,.327,1.5,18.3,9.8,20.6,3.9,1.4,11.1,36.2,0.1,0.1,0.1,.083,2.3,1.8,4.2,0.1,,jacksja02
70,Jake LaRavia,24,LAL,PF,54,33,1450,12.5,.581,.481,.296,6.3,11.2,8.8,9.6,2.4,1.7,12.7,15.1,1.3,1.3,2.6,.087,-1.2,0.1,-1.0,0.4,,laravja01
71,De'Aaron Fox,28,SAS,PG,45,45,1442,18.0,.585,.378,.246,2.0,10.8,6.4,29.7,1.9,0.8,12.7,25.0,2.3,1.9,4.1,.137,1.9,0.6,2.5,1.6,,foxde01
72,Shaedon Sharpe,22,POR,SG,48,42,1439,15.5,.550,.351,.229,3.5,12.5,8.0,15.0,2.2,0.4,13.4,30.2,-0.1,1.3,1.2,.040,-0.1,-1.1,-1.2,0.3,,sharpsh01
73,Duncan Robinson,31,DET,SF,51,51,1437,11.8,.613,.778,.153,1.4,9.1,5.3,8.9,1.1,1.1,6.6,15.7,2.2,1.7,3.9,.130,0.4,-0.1,0.3,0.9,,robindu01
74,Jeremiah Fears,19,NOP,PG,56,44,1435,12.6,.513,.277,.220,3.0,12.7,7.8,17.8,2.4,1.2,14.6,24.6,-1.1,0.9,-0.2,-0.005,-2.4,-1.2,-3.6,-0.6,,fearsje01
75,Quentin Grimes,25,PHI,SG,48,7,1434,12.8,.592,.568,.332,2.3,11.7,6.9,17.1,1.5,1.2,14.9,17.9,1.4,1.1,2.5,.084,-0.7,-0.3,-1.0,0.3,,grimequ01
76,Donovan Clingan,21,POR,C,52,52,1433,20.1,.604,.359,.291,18.1,27.0,22.5,10.8,0.8,4.7,9.9,15.6,3.7,1.8,5.6,.186,2.4,-0.2,2.2,1.5,,clingdo01
77,Derik Queen,21,NOP,C,55,43,1432,16.3,.555,.102,.340,6.6,23.7,15.0,23.2,1.9,3.4,17.9,21.5,0.6,1.5,2.1,.069,-1.1,0.8,-0.3,0.6,,queende01
78,Chet Holmgren,23,OKC,PF,49,49,1430,21.5,.651,.308,.354,7.3,24.3,16.2,8.3,0.8,6.5,10.3,22.2,3.2,3.2,6.4,.214,2.3,1.4,3.7,2.1,,holmgch01
79,Myles Turner,29,MIL,C,50,50,1428,14.6,.586,.578,.280,5.0,17.3,11.2,8.0,1.2,5.8,9.7,18.6,1.2,1.5,2.8,.093,-0.4,0.1,-0.4,0.6,,turnemy01
80,John Collins,28,LAC,PF,51,42,1426,16.2,.660,.338,.217,6.1,14.9,10.6,5.3,1.4,2.7,11.3,18.8,2.3,1.2,3.5,.117,0.3,-0.5,-0.2,0.7,,collijo01
81,Cason Wallace,22,OKC,SG,53,43,1419,11.5,.532,.531,.109,3.5,8.7,6.2,10.8,3.7,1.0,10.7,13.8,0.5,2.9,3.3,.113,-2.3,3.1,0.7,1.0,,wallaca01
82,Lauri Markkanen,28,UTA,PF,41,41,1410,21.3,.610,.402,.332,6.3,15.9,11.0,10.2,1.3,1.5,6.4,28.0,3.3,0.3,3.6,.123,4.6,-2.2,2.4,1.5,,markkla01
83,Evan Mobley,24,CLE,PF,42,40,1402,18.6,.576,.278,.338,7.5,21.2,14.3,17.4,1.3,5.4,11.9,21.9,1.9,2.0,3.9,.134,1.2,1.5,2.7,1.7,,mobleev01
84,Jaylen Wells,22,MEM,SG,52,52,1394,10.4,.540,.514,.260,3.8,9.9,6.8,8.7,1.4,0.4,9.1,19.1,0.4,0.9,1.3,.045,-2.5,-1.1,-3.6,-0.6,,wellsja01
85,Jaylon Tyson,23,CLE,SG,50,35,1390,15.6,.631,.428,.164,7.9,13.3,10.6,11.6,1.5,1.3,12.4,18.7,2.3,1.4,3.6,.125,1.1,-0.5,0.6,0.9,,tysonja01
86,Andrew Nembhard,26,IND,PG,43,43,1381,15.5,.558,.384,.293,1.4,8.8,4.9,36.2,1.3,0.4,13.5,23.8,1.4,0.7,2.2,.076,0.9,-1.8,-0.9,0.4,,nembhan01
87,Norman Powell,32,MIA,SG,45,45,1379,18.2,.616,.451,.349,1.2,11.0,6.1,12.9,1.8,0.6,9.6,27.2,2.1,1.6,3.7,.130,2.3,0.2,2.4,1.5,,powelno01
88,Bruce Brown,29,DEN,SG,55,2,1371,10.5,.543,.256,.241,5.7,12.3,9.2,11.0,2.1,1.0,12.8,14.0,0.8,1.1,1.8,.065,-2.7,-0.2,-2.9,-0.3,,brownbr01
89,OG Anunoby,28,NYK,PF,41,41,1353,15.6,.603,.461,.291,4.7,13.7,9.1,10.1,2.6,2.1,13.1,20.3,1.5,1.9,3.4,.122,0.4,1.1,1.5,1.2,,anunoog01
90,Michael Porter Jr.,27,BRK,SF,41,41,1353,20.7,.609,.511,.232,4.3,21.7,12.6,18.5,1.6,0.7,10.8,30.3,1.9,1.1,3.0,.105,4.8,-1.0,3.8,2.0,,portemi01
91,Kawhi Leonard,34,LAC,SF,41,41,1344,27.5,.619,.355,.324,3.9,18.5,11.5,21.6,3.2,1.5,8.7,33.5,3.8,1.8,5.6,.201,7.0,1.0,8.0,3.4,,leonaka01
92,Kyle Kuzma,30,MIL,PF,50,26,1341,13.6,.565,.301,.297,4.0,16.7,10.4,14.1,1.1,1.5,12.4,21.5,0.5,1.0,1.6,.056,-1.6,-1.1,-2.7,-0.2,,kuzmaky01
93,Nikola Jokić,30,DEN,C,39,39,1338,34.9,.699,.272,.459,11.0,28.9,20.4,52.9,2.0,2.1,15.2,31.0,8.1,1.8,9.9,.354,11.5,3.9,15.5,5.9,,jokicni01
94,Noah Clowney,21,BRK,PF,47,41,1335,11.2,.551,.637,.363,3.8,14.1,8.7,9.7,1.3,2.5,12.9,20.7,0.0,0.9,0.9,.033,-2.3,-1.1,-3.4,-0.5,,clownno01
95,Moses Moody,23,GSW,SG,53,42,1331,13.2,.598,.676,.203,3.6,10.9,7.2,8.4,1.8,2.2,8.4,17.7,1.4,1.5,2.8,.102,0.0,-0.1,-0.1,0.7,,moodymo01
96,Davion Mitchell,27,MIA,PG,46,46,1329,11.8,.560,.394,.152,1.3,7.4,4.3,31.3,1.8,0.4,16.8,13.6,1.5,1.4,2.9,.105,-1.8,0.7,-1.1,0.3,,mitchda01
97,Ivica Zubac,28,LAC,C,43,42,1328,19.0,.635,.000,.308,13.4,27.7,20.8,11.7,0.6,2.6,14.4,19.1,2.6,1.4,4.0,.145,0.8,-0.8,0.0,0.7,,zubaciv01
98,Anfernee Simons,26,2TM,SG,53,4,1328,15.0,.579,.588,.120,2.6,8.3,5.5,14.8,1.0,0.6,9.0,23.4,2.0,0.9,2.9,.106,1.5,-1.5,0.0,0.7,,simonan01
98,Anfernee Simons,26,BOS,SG,49,0,1202,15.2,.579,.579,.127,2.4,8.4,5.4,14.3,1.1,0.5,8.4,23.5,2.0,0.9,2.9,.115,1.6,-1.2,0.4,0.8,,simonan01
98,Anfernee Simons,26,CHI,SG,4,4,126,12.4,.584,.679,.054,4.3,7.6,6.0,19.9,0.0,1.4,14.9,22.5,0.0,0.0,0.1,.022,0.1,-4.0,-4.0,-0.1,,simonan01
99,Stephon Castle,21,SAS,PG,44,43,1327,16.3,.561,.298,.475,4.5,13.4,9.0,33.2,2.1,1.0,18.8,25.4,0.9,1.9,2.9,.104,-0.1,0.9,0.7,0.9,,castlst01
100,Sion James,23,CHO,SG,55,18,1316,7.7,.543,.590,.303,2.7,13.2,8.1,10.5,1.1,1.2,15.0,10.7,0.6,1.1,1.7,.063,-3.3,0.5,-2.8,-0.3,,jamessi01
101,Rui Hachimura,27,LAL,PF,44,31,1314,11.4,.620,.438,.120,2.4,11.2,6.9,4.3,0.9,0.9,7.3,15.3,1.3,0.6,1.9,.070,-0.7,-1.8,-2.5,-0.2,,hachiru01
102,Josh Hart,30,NYK,SF,43,29,1314,16.1,.606,.424,.216,5.2,22.4,13.7,23.2,1.9,1.1,16.6,16.7,2.2,1.9,4.1,.150,1.2,2.0,3.2,1.7,,hartjo01
103,Reed Sheppard,21,HOU,SG,53,6,1310,15.2,.550,.566,.099,1.5,10.0,5.8,17.8,2.9,2.1,10.3,21.7,1.6,1.9,3.4,.126,0.7,1.5,2.2,1.4,,sheppre01
104,Deandre Ayton,27,LAL,C,46,46,1299,18.3,.680,.000,.199,11.0,23.8,17.6,4.8,1.1,3.2,12.3,17.1,2.5,1.3,3.8,.141,0.0,-1.0,-1.0,0.3,,aytonde01
105,Jarace Walker,22,IND,PF,54,19,1297,10.6,.531,.489,.244,2.3,18.2,10.0,12.1,1.5,1.3,14.3,20.4,-1.0,1.2,0.2,.008,-2.5,-0.5,-3.0,-0.3,,walkeja02
106,Kyshawn George,22,WAS,SF,43,43,1296,13.9,.560,.453,.223,3.4,15.8,9.5,23.6,1.7,2.6,17.0,22.5,0.2,0.6,0.8,.031,-0.7,-0.5,-1.3,0.2,,georgky01
107,Ace Bailey,19,UTA,SF,49,38,1291,10.8,.531,.415,.093,6.4,9.5,8.0,9.4,1.4,1.7,10.5,19.3,0.0,0.1,0.0,.002,-2.0,-2.5,-4.5,-0.8,,baileac01
108,Keldon Johnson,26,SAS,SF,54,0,1289,18.6,.644,.339,.275,8.2,18.1,13.3,9.0,1.3,0.6,8.6,20.2,3.1,1.7,4.8,.180,2.0,0.1,2.1,1.4,,johnske04
109,Neemias Queta,26,BOS,C,51,50,1280,19.4,.655,.015,.339,13.2,23.0,18.1,8.4,1.8,5.2,13.1,14.7,3.0,2.3,5.3,.199,0.0,1.6,1.6,1.2,,quetane01
110,Ayo Dosunmu,26,2TM,SG,48,10,1271,17.2,.637,.398,.208,2.8,8.9,5.9,20.1,1.5,0.9,10.0,20.8,2.7,0.6,3.3,.123,1.6,-0.8,0.8,0.9,,dosunay01
110,Ayo Dosunmu,26,CHI,SG,45,10,1187,17.2,.636,.397,.216,3.0,9.2,6.2,20.5,1.4,0.9,10.3,21.1,2.5,0.5,3.0,.120,1.7,-1.0,0.7,0.8,,dosunay01
110,Ayo Dosunmu,26,MIN,SG,3,0,84,16.8,.660,.406,.094,0.0,3.9,2.0,14.0,2.8,1.1,5.7,17.7,0.2,0.1,0.3,.168,0.7,1.7,2.4,0.1,,dosunay01
111,Devin Vassell,25,SAS,SG,41,39,1264,12.3,.550,.553,.163,1.6,11.6,6.7,10.4,1.3,1.2,6.6,18.7,0.9,1.5,2.5,.093,-0.7,0.0,-0.7,0.4,,vassede01
112,Cedric Coward,22,MEM,SG,48,35,1263,14.7,.580,.420,.243,5.5,19.8,12.7,16.3,1.0,1.4,13.2,20.9,1.1,1.2,2.3,.086,0.1,-0.3,-0.2,0.6,,cowarce01
113,Ausar Thompson,23,DET,SF,49,48,1261,16.0,.538,.050,.355,9.6,16.1,12.9,14.4,3.5,3.3,13.2,17.6,1.0,2.7,3.7,.140,-0.9,3.0,2.1,1.3,,thompau01
114,Moussa Diabaté,24,CHO,C,50,24,1258,17.5,.657,.008,.538,16.9,21.7,19.3,8.6,1.3,3.5,12.8,12.0,3.2,1.6,4.8,.183,0.3,0.6,0.8,0.9,,diabamo01
115,Marcus Smart,31,LAL,SG,44,37,1250,10.0,.549,.598,.282,2.9,9.2,6.2,13.4,2.1,1.2,15.4,16.2,0.3,0.9,1.2,.045,-2.7,-0.2,-2.9,-0.3,,smartma01
116,LaMelo Ball,24,CHO,PG,45,42,1247,18.5,.533,.559,.148,3.5,15.7,9.8,44.3,2.0,0.7,14.3,32.1,1.5,1.3,2.8,.109,3.8,-0.7,3.0,1.6,,ballla01
117,Luguentz Dort,26,OKC,SF,45,45,1246,8.5,.537,.709,.104,3.6,11.0,7.5,5.6,1.5,1.7,9.0,13.9,0.2,2.0,2.2,.084,-2.5,0.6,-1.9,0.0,,dortlu01
118,Bobby Portis,30,MIL,PF,51,9,1240,16.4,.579,.385,.084,6.2,24.0,15.2,10.5,1.2,0.6,8.5,22.6,1.0,1.2,2.2,.084,1.0,-1.3,-0.3,0.5,,portibo01
119,Cam Spencer,25,MEM,SG,51,14,1229,17.2,.656,.604,.248,2.2,9.6,5.9,33.1,1.4,0.4,14.4,17.8,3.3,0.8,4.1,.159,2.9,-0.5,2.4,1.4,,spencca01
120,Draymond Green,35,GSW,PF,46,46,1229,10.1,.539,.624,.169,3.0,20.9,11.9,26.3,1.5,2.2,25.6,17.1,-0.6,1.7,1.1,.043,-2.8,1.3,-1.5,0.1,,greendr01
121,Sam Hauser,28,BOS,PF,51,23,1227,12.1,.584,.862,.031,3.1,14.1,8.6,7.7,1.3,1.4,6.4,14.9,1.7,1.3,3.0,.117,0.6,-0.2,0.4,0.7,,hausesa01
122,Jamal Shead,23,TOR,PG,55,7,1225,10.8,.487,.543,.226,1.6,7.9,4.7,31.5,2.1,0.7,16.9,16.1,0.4,1.3,1.7,.066,-2.3,0.0,-2.3,-0.1,,sheadja01
123,Isaiah Collier,21,UTA,PG,48,12,1225,14.3,.578,.205,.416,1.7,9.5,5.6,40.3,1.8,1.1,21.7,18.6,1.3,0.2,1.5,.057,-0.8,-2.0,-2.8,-0.3,,colliis01
124,Zach LaVine,30,SAC,SG,39,37,1224,14.8,.614,.464,.260,0.7,9.4,4.9,11.5,1.1,0.7,10.8,23.8,1.2,0.1,1.3,.052,0.6,-2.2,-1.6,0.1,,lavinza01
125,Stephen Curry,37,GSW,PG,39,39,1222,22.7,.636,.602,.274,1.4,11.1,6.2,27.4,1.7,1.2,11.7,32.7,2.8,1.2,4.0,.158,6.3,-0.9,5.3,2.3,,curryst01
126,Jalen Duren,22,DET,C,44,44,1218,24.1,.667,.000,.483,15.0,26.6,20.9,9.8,1.6,2.8,12.5,22.6,3.6,2.4,6.1,.239,3.1,0.4,3.5,1.7,,durenja01
127,Kyle Filipowski,22,UTA,C,55,19,1216,14.4,.577,.341,.326,8.6,24.3,16.4,13.0,1.8,1.8,14.3,18.3,1.0,0.8,1.7,.068,-1.4,-0.9,-2.3,-0.1,,filipky01
128,Mark Williams,24,PHO,C,50,46,1202,22.6,.698,.003,.414,13.9,23.6,18.6,6.8,2.0,3.7,10.9,17.1,3.8,2.0,5.7,.229,2.1,0.6,2.7,1.4,,willima07
129,LeBron James,41,LAL,SF,36,36,1200,20.6,.585,.284,.342,2.4,17.5,10.2,33.9,1.6,1.6,14.1,28.5,1.9,1.0,2.9,.115,3.3,-0.4,2.9,1.5,,jamesle01
130,Sandro Mamukelashvili,26,TOR,C,53,11,1199,18.0,.638,.459,.248,7.5,17.7,12.5,12.5,1.6,2.6,9.0,18.5,2.5,1.6,4.2,.167,2.0,0.6,2.5,1.4,,mamuksa01
131,Santi Aldama,25,MEM,PF,43,11,1198,16.4,.572,.420,.239,6.0,19.6,12.8,15.6,1.5,2.4,9.5,20.1,1.4,1.4,2.7,.109,1.2,0.6,1.8,1.2,,aldamsa01
132,P.J. Washington,27,DAL,PF,39,36,1197,12.8,.528,.340,.277,4.8,18.8,12.0,8.8,1.5,3.5,13.0,21.1,-0.8,1.7,0.9,.037,-2.2,0.7,-1.4,0.2,,washipj01
133,Isaac Okoro,25,CHI,SG,46,46,1196,9.9,.574,.460,.236,4.5,6.4,5.5,7.8,1.2,1.7,7.8,13.6,1.1,0.5,1.6,.063,-3.0,-1.1,-4.1,-0.6,,okorois01
134,Zion Williamson,25,NOP,PF,40,33,1187,23.1,.629,.005,.575,8.0,14.3,11.1,19.8,1.6,1.9,11.8,27.4,3.0,0.6,3.7,.148,3.6,-0.7,2.9,1.5,,willizi01
135,Jimmy Butler,36,GSW,SF,38,38,1182,23.5,.646,.184,.621,8.1,11.6,9.9,24.2,2.2,0.6,9.3,23.2,4.7,1.3,6.0,.243,4.9,0.6,5.5,2.3,,butleji01
136,De'Andre Hunter,28,2TM,SF,45,25,1176,11.4,.545,.491,.285,2.8,14.4,8.6,10.6,1.2,0.5,11.7,22.5,0.2,1.0,1.2,.048,-2.5,-1.4,-3.9,-0.6,,huntede01
136,De'Andre Hunter,28,CLE,SF,43,23,1125,12.0,.553,.492,.284,2.8,14.9,8.8,10.9,1.3,0.5,11.6,22.6,0.4,1.0,1.4,.060,-2.1,-1.2,-3.3,-0.4,,huntede01
136,De'Andre Hunter,28,SAC,SF,2,2,51,-3.4,.347,.474,.316,2.1,4.5,3.3,2.5,0.0,0.0,15.6,21.4,-0.2,0.0,-0.2,-0.226,-11.0,-5.7,-16.8,-0.2,,huntede01
137,Jarrett Allen,27,CLE,C,43,43,1175,20.7,.661,.023,.440,9.3,23.8,16.5,10.4,1.7,2.9,11.0,18.8,3.0,1.7,4.7,.191,1.3,0.7,2.0,1.2,,allenja01
138,Jerami Grant,31,POR,PF,40,21,1164,15.6,.594,.467,.450,3.4,9.8,6.5,12.5,1.1,2.0,11.7,24.8,1.8,0.7,2.5,.105,1.1,-1.4,-0.2,0.5,,grantje01
139,Terance Mann,29,BRK,SG,46,42,1163,10.7,.556,.401,.225,5.1,10.1,7.5,20.0,1.5,0.9,14.7,13.7,1.1,0.6,1.6,.067,-2.6,-0.5,-3.1,-0.3,,mannte01
140,Brice Sensabaugh,22,UTA,SF,53,10,1162,13.4,.585,.542,.246,3.5,11.1,7.3,10.3,1.5,0.4,10.3,22.5,0.8,0.0,0.9,.037,-0.4,-2.8,-3.2,-0.4,,sensabr01
141,Kel'el Ware,21,MIA,C,52,29,1162,20.0,.619,.336,.164,13.6,28.7,21.1,3.6,1.6,4.2,8.8,18.2,2.1,2.3,4.4,.180,1.8,0.1,1.9,1.2,,wareke01
142,Victor Wembanyama,22,SAS,C,40,31,1161,28.0,.624,.307,.443,7.4,33.2,20.5,15.9,1.6,8.1,11.8,32.2,2.6,2.8,5.5,.226,5.4,3.4,8.8,3.2,,wembavi01
143,Vit Krejci,25,2TM,PG,52,8,1159,11.6,.632,.767,.115,2.1,8.0,5.0,9.2,1.7,1.2,7.9,14.6,1.4,0.8,2.2,.092,-1.3,-0.3,-1.5,0.1,,krejcvi01
143,Vit Krejci,25,ATL,PG,46,8,1028,11.3,.639,.776,.117,2.0,8.3,5.1,8.7,1.7,1.1,8.5,14.4,1.1,0.7,1.9,.087,-1.4,-0.3,-1.8,0.1,,krejcvi01
143,Vit Krejci,25,POR,PG,6,0,131,14.2,.588,.708,.104,3.2,5.9,4.5,13.4,1.8,2.0,3.8,16.1,0.3,0.1,0.4,.135,0.2,0.0,0.2,0.1,,krejcvi01
144,Brandon Miller,23,CHO,SF,38,38,1158,16.3,.559,.486,.231,4.1,13.2,8.8,17.6,1.7,2.6,12.9,29.3,0.7,1.3,1.9,.080,1.0,-0.4,0.6,0.8,,millebr02
145,Alex Sarr,20,WAS,C,41,41,1156,20.3,.554,.207,.237,8.7,20.6,14.6,16.3,1.4,6.2,9.9,25.4,1.1,0.9,2.0,.082,1.5,-0.1,1.4,1.0,,sarral01
146,Jordan Goodwin,27,PHO,PG,52,4,1154,14.5,.511,.534,.096,9.3,14.5,11.8,14.5,3.3,0.9,10.6,18.2,0.9,1.7,2.6,.107,0.2,1.4,1.6,1.0,,goodwjo01
147,Egor Dёmin,19,BRK,PG,46,39,1151,11.9,.575,.722,.143,2.0,13.0,7.2,20.6,1.6,1.1,16.0,19.4,0.3,0.7,1.0,.043,-0.4,-0.7,-1.2,0.2,,demineg01
148,Jock Landale,30,2TM,C,49,26,1146,17.4,.610,.343,.233,14.1,15.0,14.6,10.5,1.1,2.1,9.6,18.4,2.3,1.0,3.3,.137,1.4,-1.0,0.4,0.7,,landajo01
148,Jock Landale,30,MEM,C,45,25,1060,16.9,.594,.332,.229,14.3,15.2,14.7,10.5,1.1,1.9,9.7,18.5,1.9,0.9,2.9,.130,1.0,-1.0,0.0,0.5,,landajo01
148,Jock Landale,30,ATL,C,4,1,86,23.6,.825,.500,.286,12.4,12.7,12.6,10.5,0.5,4.2,8.7,16.8,0.3,0.1,0.4,.225,6.1,-0.3,5.8,0.2,,landajo01
149,Dennis Schröder,32,2TM,PG,44,14,1135,13.4,.521,.396,.306,2.1,11.1,6.5,28.8,1.6,0.6,13.9,22.6,0.3,0.3,0.6,.027,-0.6,-1.7,-2.3,-0.1,,schrode01
149,Dennis Schröder,32,SAC,PG,40,14,1056,13.8,.531,.393,.315,2.3,10.9,6.5,29.2,1.5,0.5,14.1,22.6,0.5,0.2,0.7,.030,-0.1,-1.8,-2.0,0.0,,schrode01
149,Dennis Schröder,32,CLE,PG,4,0,79,9.0,.394,.429,.200,0.0,13.9,6.9,24.8,3.0,1.2,11.6,22.6,-0.1,0.1,0.0,-0.019,-7.0,0.2,-6.8,-0.1,,schrode01
150,Ajay Mitchell,23,OKC,SG,43,9,1129,17.3,.590,.300,.287,2.9,11.1,7.2,20.0,2.6,1.2,11.7,22.3,1.6,2.1,3.7,.157,0.4,1.6,2.0,1.1,,mitchaj01
151,Maxime Raynaud,22,SAC,C,48,30,1127,14.3,.594,.113,.224,8.0,24.1,15.8,6.5,1.0,1.8,10.6,16.8,1.1,0.6,1.8,.075,-2.0,-1.3,-3.3,-0.4,,raynama01
152,Isaiah Stewart,24,DET,C,48,13,1116,14.8,.622,.313,.307,7.9,16.6,12.3,6.8,0.6,7.3,12.7,16.3,1.5,1.9,3.4,.145,-1.5,1.3,-0.2,0.5,,stewais01
153,Sidy Cissoko,21,POR,SF,50,24,1114,7.8,.541,.618,.277,4.9,7.8,6.3,9.0,1.6,1.3,15.3,12.8,0.3,0.7,1.1,.046,-3.7,-0.1,-3.8,-0.5,,cissosi01
154,Gary Trent Jr.,27,MIL,SG,47,17,1108,8.0,.536,.731,.118,0.6,4.6,2.6,8.5,1.2,0.3,6.7,15.6,0.1,0.3,0.4,.019,-3.0,-1.8,-4.8,-0.8,,trentga02
155,Nique Clifford,23,SAC,SG,52,10,1107,7.7,.486,.426,.181,4.1,12.5,8.2,10.6,1.5,1.4,15.0,15.9,-0.9,0.4,-0.6,-0.024,-4.3,-1.2,-5.5,-1.0,,cliffni01
156,Oso Ighodaro,23,PHO,PF,55,7,1102,12.6,.622,.005,.332,8.2,17.1,12.6,12.2,2.3,2.9,21.7,12.0,0.8,1.6,2.4,.105,-2.9,2.2,-0.7,0.4,,ighodos01
157,Jay Huff,27,IND,C,55,31,1101,15.5,.594,.635,.155,4.9,15.9,10.3,9.6,1.3,8.3,9.7,17.1,1.0,1.5,2.4,.106,-0.9,2.0,1.1,0.9,,huffja01
158,Josh Giddey,23,CHI,PG,34,31,1090,19.3,.575,.343,.379,4.1,24.5,14.4,40.1,1.3,0.9,18.0,25.8,1.4,0.9,2.4,.105,2.7,0.2,2.9,1.4,,giddejo01
159,Kentavious Caldwell-Pope,32,MEM,SG,51,14,1088,11.0,.533,.475,.219,2.0,10.3,6.2,17.6,1.9,0.7,13.2,17.6,0.2,0.9,1.1,.050,-2.4,-0.1,-2.5,-0.1,,caldwke01
160,Spencer Jones,24,DEN,SF,46,34,1086,9.3,.635,.592,.230,5.6,9.2,7.5,4.4,1.9,1.7,10.8,9.8,1.1,0.7,1.9,.083,-2.3,-0.3,-2.6,-0.2,,jonessp01
161,Kevin Huerter,27,2TM,SF,48,11,1085,13.1,.554,.548,.132,2.5,14.8,8.7,15.5,1.7,2.2,10.2,19.4,0.4,0.9,1.3,.058,-1.2,0.0,-1.2,0.2,,huertke01
161,Kevin Huerter,27,CHI,SF,44,11,1037,13.3,.559,.552,.139,2.4,15.0,8.8,15.8,1.6,2.2,10.3,19.4,0.5,0.8,1.3,.059,-1.0,-0.1,-1.1,0.3,,huertke01
161,Kevin Huerter,27,DET,SG,4,0,48,9.2,.447,.474,.000,4.7,11.4,8.1,8.6,3.0,2.1,9.5,18.1,0.0,0.1,0.0,.039,-5.2,1.7,-3.5,0.0,,huertke01
162,Klay Thompson,35,DAL,SF,49,8,1083,11.0,.533,.723,.072,1.4,10.0,5.8,9.0,1.1,1.2,8.3,22.5,-0.5,0.9,0.4,.019,-0.4,-1.2,-1.6,0.1,,thompkl01
163,Jusuf Nurkić,31,UTA,C,41,36,1083,16.5,.548,.198,.316,10.6,32.3,21.4,25.6,2.3,2.0,19.9,19.4,0.5,1.1,1.6,.070,-0.5,1.5,1.0,0.8,,nurkiju01
164,Pelle Larsson,24,MIA,SG,45,32,1077,13.5,.600,.378,.348,3.4,10.9,7.1,18.4,1.2,0.8,11.5,16.3,1.6,1.1,2.7,.122,-0.8,0.6,-0.3,0.5,,larsspe01
165,Tristan Da Silva,24,ORL,SF,48,14,1072,10.6,.541,.521,.105,3.3,13.1,8.1,7.6,1.8,1.1,9.5,16.5,0.1,1.1,1.2,.052,-1.8,-0.2,-1.9,0.0,,dasiltr01
166,Svi Mykhailiuk,28,UTA,SF,45,41,1071,10.7,.621,.646,.079,3.0,8.5,5.7,10.9,1.0,0.3,10.4,14.1,1.1,-0.2,0.9,.042,-0.4,-1.9,-2.2,-0.1,,mykhasv01
167,Grayson Allen,30,PHO,SG,35,26,1059,16.1,.578,.673,.214,2.5,8.7,5.5,19.6,2.3,0.9,10.3,22.9,1.7,1.1,2.8,.127,2.0,0.1,2.1,1.1,,allengr01
168,Kelly Oubre Jr.,30,PHI,SF,32,27,1045,12.5,.585,.463,.264,3.0,13.2,8.0,7.0,1.9,1.8,9.9,17.1,0.8,1.0,1.8,.082,-1.2,-0.2,-1.4,0.1,,oubreke01
169,Luke Kennard,29,2TM,SG,50,1,1040,13.8,.717,.606,.152,2.3,9.4,5.8,13.6,1.6,0.4,11.1,12.8,2.1,0.7,2.8,.128,0.2,0.0,0.3,0.6,,kennalu01
169,Luke Kennard,29,ATL,SG,46,0,944,13.5,.713,.621,.146,2.2,9.3,5.7,13.4,1.6,0.5,11.1,12.7,1.8,0.6,2.4,.123,0.1,0.0,0.1,0.5,,kennalu01
169,Luke Kennard,29,LAL,SG,4,1,96,16.5,.763,.458,.208,3.8,10.7,7.3,16.0,1.5,0.0,10.3,13.2,0.3,0.1,0.4,.179,1.6,0.2,1.7,0.1,,kennalu01
170,Tobias Harris,33,DET,PF,37,37,1033,14.2,.569,.374,.252,3.8,15.5,9.7,11.6,1.4,0.9,8.4,19.1,1.4,1.5,2.9,.135,0.3,0.3,0.6,0.7,,harrito02
171,Dominick Barlow,22,PHI,PF,43,36,1032,14.9,.623,.240,.282,10.1,13.0,11.5,7.1,2.0,2.3,10.6,13.5,1.8,1.0,2.9,.133,-0.3,0.2,-0.1,0.5,,barlodo01
172,Collin Sexton,27,2TM,SG,45,13,1030,16.8,.609,.344,.366,2.6,7.2,5.0,25.0,1.9,0.6,15.7,25.8,1.6,0.8,2.4,.113,0.9,-0.9,-0.1,0.5,,sextoco01
172,Collin Sexton,27,CHO,SG,42,12,938,17.6,.619,.350,.372,2.2,7.3,4.8,26.5,1.9,0.7,15.6,25.6,1.8,0.8,2.5,.130,1.6,-0.6,0.9,0.7,,sextoco01
172,Collin Sexton,27,CHI,SG,3,1,92,8.9,.518,.289,.311,5.9,6.9,6.4,9.6,1.5,0.0,16.4,28.0,-0.2,0.0,-0.1,-0.063,-6.2,-4.2,-10.4,-0.2,,sextoco01
173,Josh Okogie,27,HOU,SG,52,29,1021,9.9,.559,.553,.251,6.7,9.0,7.9,5.8,2.4,1.1,12.6,11.4,0.8,1.2,2.0,.094,-2.5,1.0,-1.4,0.1,,okogijo01
174,Tre Jones,26,CHI,PG,38,20,1020,18.5,.648,.212,.457,2.6,9.3,6.0,30.2,2.3,0.6,12.5,17.1,2.9,0.7,3.6,.169,1.0,0.4,1.4,0.9,,jonestr01
175,Zaccharie Risacher,20,ATL,SF,42,42,1018,11.0,.542,.475,.151,3.8,11.7,7.7,7.5,1.8,2.0,8.9,18.4,-0.1,0.9,0.8,.038,-2.8,-0.9,-3.7,-0.4,,risacza01
176,Ron Holland,20,DET,SF,49,5,1016,11.5,.504,.373,.282,5.8,17.4,11.6,9.2,3.2,1.8,14.3,18.7,-0.4,2.0,1.7,.079,-3.5,1.8,-1.7,0.1,,hollaro01
177,Brandon Williams,26,DAL,PG,46,12,1012,15.9,.555,.255,.412,2.6,11.1,6.9,25.1,2.2,0.7,14.5,25.5,0.3,1.1,1.4,.069,-0.9,0.4,-0.5,0.4,,willibr03
178,Luke Kornet,30,SAS,C,44,22,1006,18.7,.693,.000,.416,14.5,16.8,15.7,11.3,1.0,4.8,7.5,10.6,3.3,1.6,4.9,.234,1.8,2.1,3.8,1.5,,kornelu01
179,Caleb Love,24,POR,SG,45,1,999,11.0,.500,.598,.101,2.7,9.8,6.2,18.4,1.3,0.4,10.7,22.9,0.0,0.5,0.6,.027,-1.1,-1.8,-2.9,-0.2,,loveca01
180,Tre Johnson,19,WAS,SG,40,22,999,12.5,.570,.520,.154,2.2,9.4,5.8,12.8,1.2,1.1,11.0,21.2,0.5,0.0,0.5,.024,-0.5,-2.2,-2.7,-0.2,,johnstr03
181,Isaiah Joe,26,OKC,SG,47,3,993,14.7,.644,.793,.245,2.5,10.1,6.5,9.0,1.4,0.9,7.0,18.0,2.0,1.5,3.4,.167,1.6,0.0,1.6,0.9,,joeis01
182,Nicolas Batum,37,LAC,PF,51,4,992,7.8,.593,.951,.060,2.3,13.1,7.9,5.7,1.9,1.8,15.3,10.0,0.2,0.8,1.0,.049,-2.1,0.5,-1.6,0.1,,batumni01
183,Ryan Kalkbrenner,24,CHO,C,43,27,986,17.6,.759,.010,.404,12.5,16.9,14.7,4.1,1.3,5.9,16.2,11.9,2.1,1.3,3.4,.168,0.0,1.1,1.2,0.8,,kalkbry01
184,Miles McBride,25,NYK,SG,35,14,981,13.5,.592,.671,.119,2.4,7.8,5.1,13.6,1.5,0.6,6.8,17.6,1.7,0.9,2.6,.127,1.3,0.0,1.3,0.8,,mcbrimi01
185,Dean Wade,29,CLE,PF,43,22,980,10.4,.564,.735,.176,3.9,16.0,9.9,8.5,1.7,1.6,5.6,9.9,1.1,1.1,2.2,.110,-1.3,1.2,-0.2,0.5,,wadede01
186,Javonte Green,32,DET,SG,53,4,979,13.2,.591,.565,.312,4.8,11.5,8.2,5.2,3.4,1.6,10.0,14.7,1.0,1.8,2.9,.141,-1.2,2.4,1.2,0.8,,greenja02
187,Patrick Williams,24,CHI,PF,51,3,979,9.0,.507,.538,.147,4.2,12.2,8.2,8.9,1.6,1.3,11.9,17.0,-0.5,0.6,0.1,.005,-2.9,-1.3,-4.2,-0.6,,willipa01
188,Aaron Nesmith,26,IND,SF,32,29,977,10.8,.532,.554,.232,4.5,12.5,8.4,10.2,1.0,1.6,10.1,19.7,0.0,0.6,0.6,.031,-1.8,-1.3,-3.1,-0.3,,nesmiaa01
189,Aaron Wiggins,27,OKC,SG,41,15,974,12.7,.563,.534,.135,2.9,12.5,7.9,10.6,2.0,2.3,12.5,19.5,0.1,1.7,1.8,.089,-0.6,0.7,0.1,0.5,,wiggiaa01
190,Precious Achiuwa,26,SAC,C,48,32,973,14.1,.535,.188,.257,10.1,20.3,15.0,8.1,2.0,2.4,9.1,15.4,0.7,0.7,1.4,.068,-1.4,-0.3,-1.7,0.1,,achiupr01
191,Kobe Sanders,23,LAC,SG,46,11,972,8.0,.554,.481,.189,2.9,11.1,7.1,11.6,1.3,0.6,17.8,15.9,-0.3,0.5,0.3,.014,-3.8,-0.9,-4.7,-0.6,,sandeko01
192,Joel Embiid,31,PHI,C,31,31,972,24.9,.606,.217,.476,7.2,19.4,13.2,22.1,1.0,3.2,11.9,33.7,2.3,1.0,3.3,.165,5.0,-0.3,4.7,1.6,,embiijo01
193,Justin Champagnie,24,WAS,SF,50,14,965,16.9,.588,.366,.248,11.8,19.8,15.8,8.1,2.0,2.6,8.8,15.7,1.6,0.7,2.3,.114,0.3,-1.0,-0.7,0.3,,champju01
194,Jordan Clarkson,33,NYK,SG,51,1,963,10.4,.537,.464,.180,4.6,5.6,5.1,9.8,1.1,0.8,10.9,21.4,0.3,0.7,1.0,.048,-2.3,-1.8,-4.1,-0.5,,clarkjo01
195,Jose Alvarado,27,2TM,PG,44,0,958,12.0,.566,.694,.097,1.8,12.0,6.8,19.9,2.2,0.5,13.6,16.4,0.7,0.6,1.3,.064,-1.2,-0.2,-1.4,0.1,,alvarjo01
195,Jose Alvarado,27,NOP,PG,41,0,896,11.2,.558,.689,.086,1.9,12.1,6.9,19.4,2.0,0.4,13.9,15.8,0.5,0.4,1.0,.052,-1.5,-0.6,-2.1,0.0,,alvarjo01
195,Jose Alvarado,27,NYK,PG,3,0,62,22.9,.643,.733,.200,0.0,10.8,5.3,26.9,5.5,1.6,10.9,25.0,0.2,0.1,0.3,.237,3.3,5.7,9.0,0.2,,alvarjo01
196,Malik Monk,27,SAC,SG,43,0,953,13.9,.569,.479,.167,1.4,9.1,5.1,17.8,1.4,1.6,11.7,23.7,0.4,0.2,0.6,.030,0.5,-1.8,-1.3,0.2,,monkma01
197,Collin Murray-Boyles,20,TOR,PF,43,19,953,15.1,.597,.179,.237,12.1,13.1,12.6,12.9,2.0,3.9,15.0,14.9,1.2,1.3,2.6,.130,-0.9,1.4,0.5,0.6,,murraco01
198,Herbert Jones,27,NOP,SF,33,33,949,9.2,.496,.518,.144,3.4,10.2,6.7,12.2,2.7,1.6,13.0,15.0,-0.2,0.6,0.4,.020,-3.8,0.5,-3.3,-0.3,,joneshe01
199,Dru Smith,28,MIA,SG,55,1,948,14.7,.536,.415,.335,5.1,10.3,7.7,20.5,3.9,1.6,13.0,15.5,1.0,1.7,2.6,.133,-1.4,3.7,2.3,1.0,,smithdr01
200,Bennedict Mathurin,23,2TM,SF,30,24,948,13.2,.580,.423,.412,2.8,15.9,9.2,11.2,1.2,0.5,12.6,23.1,0.4,0.7,1.0,.053,-1.1,-1.3,-2.4,-0.1,,mathube01
200,Bennedict Mathurin,23,IND,SF,28,24,891,12.9,.589,.436,.408,2.6,16.1,9.1,10.7,0.9,0.4,13.2,23.1,0.3,0.6,0.9,.049,-1.1,-1.7,-2.7,-0.2,,mathube01
200,Bennedict Mathurin,23,LAC,SF,2,0,57,17.1,.449,.217,.478,6.3,13.9,10.2,17.7,5.3,1.7,3.5,22.5,0.0,0.1,0.1,.112,-1.7,3.9,2.3,0.1,,mathube01
201,Day'Ron Sharpe,24,BRK,C,51,4,944,21.2,.650,.116,.487,16.4,26.3,21.1,20.2,2.9,2.0,19.7,19.2,1.9,1.3,3.3,.165,0.8,1.2,2.0,1.0,,sharpda01
202,Kevin Porter Jr.,25,MIL,PG,28,26,943,17.9,.559,.325,.309,2.9,14.4,8.7,33.5,3.2,1.3,17.2,24.6,0.8,1.1,1.9,.096,0.5,1.0,1.5,0.8,,porteke02
203,Cameron Johnson,29,DEN,SF,31,31,942,11.4,.611,.508,.218,2.7,10.4,6.8,9.8,1.1,0.8,8.8,14.9,1.2,0.4,1.6,.082,-0.6,-1.6,-2.2,0.0,,johnsca02
204,Ben Sheppard,24,IND,SG,44,14,939,8.8,.531,.631,.139,2.8,13.2,7.9,11.8,1.1,0.4,8.5,13.2,0.3,0.6,0.9,.047,-2.8,-0.3,-3.1,-0.3,,sheppbe01
205,Austin Reaves,27,LAL,SG,28,22,939,22.9,.665,.446,.538,2.5,14.8,8.8,28.1,1.4,0.6,14.9,29.1,2.9,0.6,3.5,.179,4.9,-0.9,4.0,1.4,,reaveau01
206,Will Richard,23,GSW,SG,49,15,937,11.7,.605,.623,.182,5.6,8.7,7.1,9.9,2.9,0.5,13.3,13.9,0.9,1.1,2.0,.101,-2.1,1.1,-0.9,0.3,,richawi02
207,Quinten Post,25,GSW,PF,55,32,936,13.3,.567,.654,.089,6.1,18.7,12.3,11.8,1.2,2.5,9.7,18.6,0.7,1.1,1.9,.095,-0.6,0.1,-0.5,0.4,,postqu01
208,Ryan Dunn,23,PHO,SF,48,11,934,11.2,.524,.460,.130,8.0,15.5,11.6,10.8,2.2,2.0,14.0,14.5,0.3,1.2,1.6,.081,-2.2,0.9,-1.3,0.2,,dunnry01
209,Dylan Harper,19,SAS,SG,43,0,933,15.0,.529,.264,.207,3.4,13.1,8.4,24.8,1.8,1.4,11.6,22.6,0.6,1.3,1.9,.097,-0.8,1.2,0.4,0.6,,harpedy01
210,Simone Fontecchio,30,MIA,SF,53,5,931,13.0,.553,.698,.218,4.9,14.5,9.6,11.9,1.4,0.9,9.1,19.9,0.7,1.1,1.8,.095,0.0,0.0,0.0,0.5,,fontesi01
211,RJ Barrett,25,TOR,SF,31,31,914,17.1,.578,.366,.345,3.5,16.5,9.9,18.8,1.3,1.0,9.8,25.7,1.0,1.1,2.1,.110,1.3,-0.6,0.6,0.6,,barrerj01
212,Yves Missi,21,NOP,C,47,7,907,15.0,.551,.005,.310,16.0,15.6,15.8,8.5,0.8,6.8,13.1,12.7,1.2,0.6,1.8,.096,-1.5,-0.8,-2.3,-0.1,,missiyv01
213,Franz Wagner,24,ORL,SF,28,26,891,19.6,.591,.269,.407,5.0,15.3,10.1,18.3,1.6,0.9,8.7,26.2,1.7,0.9,2.6,.143,2.8,-0.1,2.7,1.1,,wagnefr01
214,Jordan Walsh,21,BOS,PF,48,20,886,14.0,.619,.432,.226,8.9,16.9,12.9,6.0,2.3,2.6,10.3,11.9,1.5,1.4,2.9,.157,-1.2,1.4,0.2,0.5,,walshjo01
215,Gradey Dick,22,TOR,SG,55,1,885,10.6,.552,.519,.241,4.4,10.9,7.6,5.7,2.0,0.6,8.9,17.3,0.4,1.0,1.3,.073,-2.9,-0.4,-3.2,-0.3,,dickgr01
216,Bilal Coulibaly,21,WAS,SG,33,33,884,11.2,.510,.413,.394,3.4,14.1,8.7,12.7,2.5,3.0,13.7,17.2,-0.2,0.6,0.4,.021,-3.6,0.1,-3.5,-0.3,,coulibi01
217,Jalen Suggs,24,ORL,PG,33,33,880,17.6,.569,.532,.230,3.0,13.9,8.4,31.3,3.6,2.5,16.9,23.5,0.6,1.4,2.0,.108,1.3,2.3,3.7,1.3,,suggsja01
218,Craig Porter Jr.,25,CLE,PG,49,2,876,14.3,.529,.343,.164,8.3,12.6,10.4,22.1,2.7,3.2,16.6,12.2,1.1,1.2,2.3,.127,0.3,2.4,2.7,1.0,,portecr01
219,Giannis Antetokounmpo,31,MIL,PF,30,30,876,33.6,.679,.078,.612,10.9,27.5,19.3,38.6,1.5,2.5,13.9,36.3,3.7,1.1,4.8,.264,8.1,2.3,10.4,2.8,,antetgi01
220,Brook Lopez,37,LAC,C,47,12,874,10.4,.528,.688,.118,2.2,14.0,8.3,7.6,1.4,5.4,11.1,17.4,-0.3,0.9,0.6,.034,-2.3,0.4,-2.0,0.0,,lopezbr01
221,Kris Murray,25,POR,SF,34,11,874,9.2,.535,.446,.240,7.4,9.4,8.4,6.3,2.2,1.4,13.8,10.4,0.4,0.7,1.2,.065,-2.7,0.7,-1.9,0.0,,murrakr01
222,Ziaire Williams,24,BRK,SF,38,5,873,11.5,.574,.677,.271,2.7,10.9,6.6,5.5,2.6,2.0,11.0,18.0,0.2,0.8,1.0,.053,-2.3,0.1,-2.2,0.0,,willizi02
223,Khris Middleton,34,2TM,SF,36,34,869,11.4,.530,.335,.250,3.7,13.4,8.5,18.7,1.4,0.9,14.4,19.7,0.1,0.2,0.3,.017,-2.7,-1.5,-4.1,-0.5,,middlkh01
223,Khris Middleton,34,WAS,SF,34,34,827,11.5,.531,.330,.230,3.8,13.4,8.6,19.2,1.5,1.0,14.7,19.5,0.1,0.2,0.3,.016,-2.6,-1.4,-4.0,-0.4,,middlkh01
223,Khris Middleton,34,DAL,SF,2,0,42,9.2,.515,.438,.625,2.6,12.3,7.5,9.5,0.0,0.0,8.9,22.4,0.0,0.0,0.0,.034,-3.4,-2.7,-6.2,0.0,,middlkh01
224,Jalen Smith,25,CHI,C,43,12,868,17.5,.608,.530,.216,10.2,26.6,18.5,8.9,1.0,3.3,10.0,19.4,1.3,0.9,2.2,.122,0.8,-1.1,-0.3,0.4,,smithja04
225,Jarred Vanderbilt,26,LAL,PF,45,3,867,11.5,.557,.429,.255,9.1,21.0,15.3,9.0,2.5,1.7,18.4,12.6,0.3,1.0,1.4,.076,-2.3,0.7,-1.6,0.1,,vandeja01
226,Mouhamed Gueye,23,ATL,PF,53,5,862,11.7,.525,.427,.225,8.3,16.4,12.3,7.7,2.3,2.9,10.1,13.5,0.4,1.1,1.5,.083,-3.0,0.6,-2.3,-0.1,,gueyemo02
227,Walter Clayton,22,2TM,PG,47,0,861,10.5,.536,.549,.233,1.9,10.2,6.0,24.1,1.5,1.4,17.0,17.5,0.2,0.1,0.4,.020,-2.1,-1.4,-3.5,-0.3,,claytwa01
227,Walter Clayton,22,UTA,PG,45,0,811,10.5,.540,.559,.242,2.0,9.9,5.9,23.6,1.4,1.4,16.8,17.3,0.3,0.0,0.3,.020,-1.8,-1.5,-3.3,-0.3,,claytwa01
227,Walter Clayton,22,MEM,PG,2,0,50,11.5,.478,.421,.105,0.0,14.9,7.5,31.3,3.8,0.0,20.1,20.6,-0.1,0.1,0.0,.010,-5.7,-0.5,-6.2,-0.1,,claytwa01
228,Coby White,25,CHI,SG,29,26,843,14.4,.586,.529,.392,0.9,12.8,6.9,23.7,1.1,0.2,16.0,27.4,0.3,0.4,0.7,.037,-1.0,-2.4,-3.4,-0.3,,whiteco01
229,Keon Ellis,26,2TM,SG,47,5,841,9.3,.535,.700,.150,2.2,6.9,4.5,5.2,3.0,2.7,9.4,13.5,0.0,0.6,0.5,.031,-2.9,1.1,-1.8,0.0,,elliske01
229,Keon Ellis,26,SAC,SG,43,5,758,9.2,.536,.689,.153,2.2,6.1,4.1,4.6,2.9,2.6,8.6,13.7,0.0,0.4,0.4,.025,-3.0,0.9,-2.1,0.0,,elliske01
229,Keon Ellis,26,CLE,SG,4,0,83,10.7,.530,.833,.111,2.6,14.5,8.5,10.3,4.0,3.3,17.5,11.4,0.0,0.1,0.1,.080,-2.7,3.4,0.7,0.1,,elliske01
230,Ja'Kobe Walter,21,TOR,SG,45,10,827,10.2,.570,.633,.199,4.1,9.2,6.6,7.2,2.4,0.9,9.2,14.0,0.5,1.0,1.5,.089,-2.8,1.0,-1.8,0.0,,walteja01
231,Paul George,35,PHI,PF,27,27,824,15.6,.556,.489,.215,1.8,17.1,9.3,18.2,2.4,1.5,10.2,22.2,0.7,1.0,1.7,.100,0.5,0.4,0.9,0.6,,georgpa01
232,Cody Williams,21,UTA,SG,42,16,821,8.5,.530,.314,.145,4.7,8.1,6.4,6.4,1.6,2.1,10.0,13.1,0.1,0.1,0.1,.008,-3.5,-1.7,-5.2,-0.7,,willico04
233,Daniel Gafford,27,DAL,C,38,28,814,16.3,.674,.000,.508,10.8,21.0,16.0,5.9,1.7,5.2,18.1,14.3,1.2,1.3,2.5,.147,-2.1,1.9,-0.3,0.4,,gaffoda01
234,Mike Conley,38,MIN,PG,44,9,812,9.0,.502,.753,.264,2.1,8.4,5.3,18.8,1.5,1.2,12.2,11.4,0.7,0.8,1.5,.088,-2.4,0.8,-1.7,0.1,,conlemi01
235,Tyus Jones,29,2TM,PG,51,9,805,8.5,.446,.651,.036,1.2,6.5,3.8,20.6,2.1,0.3,8.5,9.8,0.3,0.7,1.0,.059,-2.9,0.9,-2.1,0.0,,jonesty01
235,Tyus Jones,29,ORL,PG,48,8,754,8.5,.448,.646,.038,1.3,6.6,3.9,19.8,2.1,0.4,8.0,9.8,0.3,0.6,0.9,.060,-2.9,1.0,-1.9,0.0,,jonesty01
235,Tyus Jones,29,DAL,PG,3,1,51,8.3,.409,.727,.000,0.0,4.0,2.1,32.2,1.9,0.0,15.4,10.7,0.0,0.0,0.0,.040,-3.8,-0.5,-4.4,0.0,,jonesty01
236,Drake Powell,20,BRK,SG,42,9,802,8.4,.560,.512,.263,1.8,8.8,5.1,12.0,1.3,0.8,15.3,14.9,0.1,0.3,0.4,.022,-4.1,-1.1,-5.2,-0.6,,poweldr01
237,Marvin Bagley III,26,2TM,PF,41,8,800,20.6,.653,.077,.406,14.3,17.4,15.8,11.6,1.3,3.4,12.3,19.0,2.0,0.4,2.4,.146,1.8,-1.1,0.7,0.5,,baglema01
237,Marvin Bagley III,26,WAS,PF,38,8,731,20.6,.667,.077,.394,13.9,17.4,15.6,11.9,1.3,3.2,13.2,19.0,1.9,0.3,2.2,.145,1.9,-1.1,0.8,0.5,,baglema01
237,Marvin Bagley III,26,DAL,PF,3,0,69,19.6,.521,.080,.520,18.9,17.9,18.4,8.5,1.4,4.8,3.2,19.3,0.1,0.1,0.2,.151,0.9,-1.0,0.0,0.0,,baglema01
238,Jaxson Hayes,25,LAL,C,45,7,796,17.3,.770,.012,.467,9.9,15.7,12.9,7.6,1.2,3.3,10.7,12.3,2.3,0.7,3.0,.180,0.3,0.1,0.4,0.5,,hayesja02
239,Jaylin Williams,23,OKC,PF,41,8,792,12.2,.533,.719,.272,3.3,23.4,13.8,16.6,1.5,3.5,14.7,15.6,0.3,1.7,2.0,.123,-1.3,2.5,1.2,0.7,,willija07
240,Darius Garland,26,CLE,PG,26,26,792,15.5,.567,.435,.210,1.6,7.1,4.3,32.9,1.3,0.3,15.1,25.4,0.9,0.5,1.4,.086,0.9,-2.4,-1.5,0.1,,garlada01
241,Andre Drummond,32,PHI,C,40,19,790,17.1,.565,.235,.286,18.5,29.9,24.1,6.1,1.4,4.1,14.1,15.3,1.1,1.2,2.3,.140,-0.2,-0.7,-0.9,0.2,,drumman01
242,Nikola Jović,22,MIA,PF,44,1,789,9.7,.485,.531,.325,3.2,16.6,9.8,16.6,1.5,1.9,15.7,21.2,-0.9,1.1,0.2,.011,-3.4,0.2,-3.2,-0.2,,jovicni01
243,Vince Williams Jr.,25,2TM,PG,38,12,789,11.1,.485,.601,.164,5.2,15.1,10.1,27.7,1.7,1.9,18.2,19.3,-0.3,0.8,0.5,.031,-1.4,0.8,-0.6,0.3,,willivi01
243,Vince Williams Jr.,25,MEM,PG,34,12,736,10.9,.478,.602,.174,5.0,14.8,9.9,27.7,1.7,1.8,18.1,19.6,-0.3,0.7,0.4,.027,-1.6,0.7,-0.9,0.2,,willivi01
243,Vince Williams Jr.,25,UTA,SG,4,0,53,15.1,.588,.588,.000,8.2,18.6,13.3,28.8,0.9,3.7,19.0,16.4,0.1,0.0,0.1,.080,1.8,0.9,2.7,0.1,,willivi01
244,Tari Eason,24,HOU,PF,31,17,788,15.6,.569,.473,.110,8.4,18.1,13.3,8.3,2.5,2.0,12.6,20.2,0.7,1.3,2.0,.122,0.5,0.5,1.0,0.6,,easonta01
245,Danny Wolf,21,BRK,PF,39,8,786,12.4,.513,.469,.190,5.9,22.0,13.6,15.4,1.4,2.2,11.6,20.0,0.0,0.7,0.7,.042,-2.2,-0.4,-2.7,-0.1,,wolfda01
246,Sam Merrill,29,CLE,SG,31,22,786,15.3,.695,.811,.144,2.9,7.0,4.9,12.2,1.1,0.6,8.7,17.5,2.0,0.5,2.5,.152,2.5,-1.1,1.4,0.7,,merrisa01
247,Buddy Hield,33,2TM,SG,45,3,773,12.4,.560,.651,.113,3.7,11.8,7.7,12.6,2.3,1.1,12.0,19.7,0.1,0.9,1.0,.065,-1.2,0.1,-1.2,0.2,,hieldbu01
247,Buddy Hield,33,GSW,SG,44,3,768,12.5,.562,.650,.113,3.7,11.9,7.8,12.6,2.3,1.1,11.8,19.7,0.2,0.9,1.1,.068,-1.1,0.1,-1.0,0.2,,hieldbu01
247,Buddy Hield,33,ATL,SG,1,0,5,-16.4,.000,1.000,.000,0.0,0.0,0.0,0.0,0.0,0.0,50.0,16.7,0.0,0.0,0.0,-0.476,-17.5,-8.6,-26.1,0.0,,hieldbu01
248,Isaiah Hartenstein,27,OKC,C,30,29,772,19.8,.649,.024,.365,14.4,25.9,20.4,19.3,1.9,2.5,20.5,17.3,1.7,1.8,3.5,.215,1.0,2.5,3.5,1.1,,harteis01
249,Mitchell Robinson,27,NYK,C,39,14,766,19.8,.649,.000,.597,24.9,24.7,24.8,6.4,2.0,5.9,14.3,9.7,2.2,1.4,3.6,.226,1.6,1.0,2.6,0.9,,robinmi01
250,Jrue Holiday,35,POR,PG,27,25,763,17.8,.571,.494,.168,5.9,12.2,9.0,35.5,2.1,0.4,16.0,23.4,1.3,0.6,2.0,.123,3.2,-0.6,2.6,0.9,,holidjr01
251,Jalen Williams,24,OKC,SG,26,26,755,18.8,.555,.175,.279,2.6,14.3,8.7,28.3,2.1,1.2,10.9,26.4,0.9,1.4,2.3,.147,1.0,1.0,2.0,0.8,,willija06
252,Luka Garza,27,BOS,C,45,4,750,20.0,.688,.335,.372,15.8,11.8,13.8,8.6,1.3,2.8,9.0,16.0,2.8,0.8,3.6,.233,2.4,0.2,2.6,0.9,,garzalu01
253,Nae'Qwan Tomlin,25,CLE,PF,44,2,750,13.8,.555,.366,.214,8.9,11.1,10.0,7.3,2.2,3.4,6.1,15.3,1.0,0.9,1.9,.125,-1.7,0.7,-1.0,0.2,,tomlina01
254,Will Riley,19,WAS,SF,45,2,747,11.1,.516,.401,.241,5.0,9.3,7.1,12.1,1.7,0.6,11.7,19.1,0.0,0.1,0.0,.003,-2.5,-2.2,-4.7,-0.5,,rileywi01
255,Hugo González,19,BOS,SF,49,2,745,9.1,.537,.466,.129,6.2,17.8,12.0,4.8,2.0,1.6,14.4,11.7,0.1,1.0,1.2,.076,-3.8,1.1,-2.7,-0.2,,gonzahu01
256,Daniss Jenkins,24,DET,PG,44,7,742,14.4,.536,.378,.244,3.9,8.4,6.2,26.2,2.6,0.9,14.9,21.7,0.6,1.1,1.7,.109,-0.6,0.6,0.0,0.4,,jenkida01
257,Adem Bona,22,PHI,C,45,4,735,12.0,.626,.042,.597,11.9,14.6,13.2,1.8,1.1,7.2,18.5,10.6,0.7,0.9,1.6,.102,-3.7,0.3,-3.3,-0.2,,bonaad01
258,Steven Adams,32,HOU,C,32,11,730,15.9,.535,.000,.583,21.9,19.7,20.8,8.5,1.5,2.5,16.7,12.0,1.1,1.0,2.1,.140,-0.1,-0.4,-0.5,0.3,,adamsst01
259,Lonzo Ball,28,CLE,PG,35,3,728,9.4,.432,.835,.119,3.9,17.1,10.5,22.4,2.9,1.1,21.9,13.5,-0.4,1.1,0.7,.044,-2.9,1.9,-1.1,0.2,,balllo01
260,Corey Kispert,26,2TM,SF,35,8,714,12.8,.608,.601,.250,1.9,10.7,6.3,11.8,0.9,0.6,9.5,17.8,0.8,0.2,1.0,.068,-0.2,-2.0,-2.1,0.0,,kispeco01
260,Corey Kispert,26,WAS,SF,19,2,370,14.1,.649,.639,.286,1.7,11.0,6.3,12.4,1.0,0.7,9.5,16.7,0.7,0.0,0.7,.086,1.0,-2.0,-1.0,0.1,,kispeco01
260,Corey Kispert,26,ATL,SF,16,6,344,11.3,.570,.566,.217,2.2,10.5,6.3,11.1,0.8,0.5,9.6,19.0,0.2,0.2,0.3,.049,-1.4,-1.9,-3.3,-0.1,,kispeco01
261,Ryan Nembhard,22,DAL,PG,38,17,713,10.5,.505,.355,.053,1.2,8.7,5.0,36.1,0.7,0.1,18.0,18.0,0.0,0.4,0.5,.031,-2.3,-2.0,-4.3,-0.4,,nembhry01
262,Jaylen Clark,24,MIN,SG,53,0,711,9.8,.518,.421,.345,7.4,8.1,7.7,5.5,2.6,1.0,8.4,12.7,0.4,0.9,1.3,.087,-3.5,1.0,-2.6,-0.1,,clarkja02
263,Jordan Poole,26,NOP,PG,28,6,710,11.6,.533,.624,.287,0.9,7.0,3.9,17.5,1.3,1.2,12.2,25.5,0.0,0.1,0.1,.008,-0.9,-2.6,-3.4,-0.3,,poolejo01
264,Caris LeVert,31,DET,SG,36,0,706,12.0,.539,.487,.239,1.9,8.2,5.1,19.3,2.3,3.3,15.1,17.8,0.2,1.1,1.3,.091,-1.2,1.6,0.4,0.4,,leverca01
265,Baylor Scheierman,25,BOS,SG,49,8,705,10.8,.610,.741,.095,3.6,17.7,10.7,9.0,2.0,0.6,12.1,10.7,0.8,0.9,1.8,.121,-1.8,1.7,-0.2,0.3,,scheiba01
266,Al Horford,39,GSW,C,34,5,702,14.4,.555,.647,.085,5.1,21.3,13.1,15.8,1.8,4.7,12.4,16.0,0.5,1.1,1.6,.110,-0.2,1.6,1.4,0.6,,horfoal01
267,Bones Hyland,25,MIN,PG,47,3,696,15.1,.600,.617,.169,2.4,9.9,6.2,24.7,1.8,1.3,12.5,19.7,1.2,0.8,2.0,.137,0.7,0.5,1.2,0.6,,hylanbo01
268,Tyrese Martin,26,BRK,SG,37,6,696,10.9,.507,.596,.102,5.1,13.0,8.8,15.4,1.6,0.5,11.0,18.7,-0.1,0.4,0.3,.022,-1.5,-1.5,-3.0,-0.2,,martity01
269,Jared McCain,21,2TM,SG,41,1,694,9.8,.515,.512,.119,1.6,12.4,6.9,13.5,1.7,0.3,11.6,19.0,-0.2,0.6,0.4,.031,-2.8,-0.9,-3.7,-0.3,,mccaija01
269,Jared McCain,21,PHI,SG,37,1,620,9.5,.506,.515,.108,1.0,12.6,6.7,14.2,1.7,0.3,11.0,18.6,-0.2,0.5,0.3,.026,-2.9,-0.9,-3.8,-0.3,,mccaija01
269,Jared McCain,21,OKC,SG,4,0,74,11.9,.585,.483,.207,6.1,11.3,8.8,7.5,1.3,0.0,15.9,22.0,0.0,0.1,0.1,.067,-1.8,-1.5,-3.3,0.0,,mccaija01
270,Micah Peavy,24,NOP,SG,46,1,693,8.2,.441,.400,.068,5.8,8.6,7.2,9.1,2.1,0.8,5.8,14.5,-0.2,0.3,0.1,.010,-4.4,-1.0,-5.4,-0.6,,peavymi01
271,Jalen Pickett,26,DEN,SG,39,18,688,10.5,.530,.549,.056,3.1,13.2,8.4,18.8,0.9,0.5,12.3,14.5,0.5,0.3,0.8,.056,-1.2,-1.1,-2.3,-0.1,,pickeja02
272,Keegan Murray,25,SAC,PF,19,18,683,12.0,.502,.355,.147,4.8,14.5,9.5,6.2,1.6,4.0,7.4,18.6,-0.2,0.4,0.2,.015,-2.1,-0.8,-2.9,-0.2,,murrake02
273,T.J. McConnell,33,IND,PG,40,0,680,21.0,.568,.115,.048,2.6,11.6,7.0,49.5,3.2,1.0,12.7,24.1,1.1,0.8,1.9,.133,2.0,1.2,3.3,0.9,,mccontj01
274,Alex Caruso,31,OKC,SG,37,0,679,13.7,.557,.612,.163,3.2,12.1,7.8,14.4,3.6,1.9,12.1,15.3,0.5,1.5,1.9,.136,-0.7,3.3,2.6,0.8,,carusal01
275,Goga Bitadze,26,ORL,C,42,1,672,20.4,.711,.067,.347,14.3,20.9,17.6,10.5,2.1,6.5,11.3,12.2,2.0,1.2,3.1,.223,0.9,2.4,3.4,0.9,,bitadgo01
276,Jaden Ivey,23,2TM,SG,37,5,670,13.1,.571,.523,.184,4.0,10.9,7.5,14.1,1.6,2.0,12.9,19.7,0.5,0.9,1.4,.098,-0.2,0.1,-0.1,0.3,,iveyja01
276,Jaden Ivey,23,DET,SG,33,2,555,12.7,.570,.514,.173,3.9,10.5,7.2,13.1,1.3,2.2,12.9,20.2,0.4,0.7,1.1,.095,-0.1,0.0,-0.1,0.3,,iveyja01
276,Jaden Ivey,23,CHI,SG,4,3,115,15.0,.576,.583,.250,4.7,13.0,8.9,18.5,3.3,1.5,13.1,16.8,0.1,0.1,0.3,.110,-0.8,0.7,-0.2,0.1,,iveyja01
277,Ochai Agbaji,25,2TM,SG,43,13,666,7.5,.487,.376,.168,6.0,11.1,8.5,6.3,1.2,1.8,9.3,13.1,0.0,0.7,0.6,.045,-4.8,-0.2,-4.9,-0.5,,agbajoc01
277,Ochai Agbaji,25,TOR,SG,42,13,650,7.5,.495,.382,.171,5.6,10.8,8.2,6.1,1.3,1.7,9.4,13.2,0.0,0.7,0.6,.047,-4.8,-0.1,-4.9,-0.5,,agbajoc01
277,Ochai Agbaji,25,BRK,SG,1,0,16,8.4,.000,.000,.000,20.7,22.8,21.7,15.9,0.0,5.7,0.0,8.2,0.0,0.0,0.0,-0.013,-2.6,-2.3,-4.9,0.0,,agbajoc01
278,Landry Shamet,28,NYK,SG,30,9,658,12.9,.619,.730,.223,2.5,7.1,4.8,9.4,1.1,0.9,5.3,15.7,1.3,0.5,1.8,.132,1.0,0.0,1.0,0.5,,shamela01
279,Gary Payton II,33,GSW,SG,50,1,654,14.9,.581,.309,.064,9.7,16.7,13.2,17.8,2.3,2.4,16.0,17.4,0.6,0.9,1.5,.111,-1.1,1.4,0.3,0.4,,paytoga02
280,Jordan Miller,26,LAC,SF,33,0,652,15.6,.627,.348,.443,5.7,13.0,9.5,12.6,1.8,0.7,14.0,19.1,1.0,0.5,1.5,.107,0.5,-0.6,0.0,0.3,,millejo02
281,Nolan Traoré,19,BRK,PG,31,8,650,8.5,.507,.426,.206,1.2,7.9,4.4,25.5,1.1,1.6,18.0,18.6,-0.3,0.2,-0.1,-0.006,-4.0,-1.8,-5.9,-0.6,,traorno01
282,Gui Santos,23,GSW,PF,44,9,645,13.6,.628,.546,.219,6.3,15.9,11.0,14.4,2.2,2.0,17.3,15.9,0.6,0.9,1.5,.109,-1.0,1.3,0.3,0.4,,santogu01
283,Caleb Martin,30,DAL,SF,46,10,644,9.6,.518,.277,.255,3.9,14.4,9.3,14.4,2.3,1.4,16.9,12.0,0.0,0.8,0.8,.062,-4.0,2.1,-1.9,0.0,,martica02
284,Johnny Furphy,21,IND,SG,35,21,643,9.3,.547,.477,.235,5.2,20.9,12.8,8.8,1.5,0.9,15.0,12.7,0.0,0.6,0.6,.045,-3.9,0.2,-3.7,-0.3,,furphjo01
285,Isaiah Jackson,24,2TM,C,39,14,643,15.5,.617,.006,.461,14.0,21.7,17.7,7.1,1.9,3.9,17.6,16.1,0.7,0.9,1.5,.116,-2.9,0.4,-2.5,-0.1,,jacksis01
285,Isaiah Jackson,24,IND,C,38,14,638,15.4,.615,.006,.448,14.1,21.7,17.8,7.1,1.9,3.9,17.9,16.0,0.7,0.9,1.5,.115,-3.0,0.4,-2.6,-0.1,,jacksis01
285,Isaiah Jackson,24,LAC,C,1,0,5,32.5,.753,.000,1.500,0.0,22.6,11.7,0.0,0.0,0.0,0.0,29.6,0.0,0.0,0.0,.184,9.5,1.1,10.6,0.0,,jacksis01
286,Aaron Gordon,30,DEN,PF,23,20,642,20.5,.632,.385,.399,5.6,18.9,12.6,13.6,1.2,0.6,7.0,23.6,1.8,0.5,2.3,.169,3.9,-1.1,2.7,0.7,,gordoaa01
287,Cam Thomas,24,2TM,SG,27,8,640,13.0,.535,.376,.338,1.6,7.5,4.4,21.6,0.3,0.3,11.8,30.7,-0.1,0.0,-0.1,-0.007,-0.6,-4.1,-4.6,-0.4,,thomaca02
287,Cam Thomas,24,BRK,SG,24,8,582,12.4,.527,.380,.351,1.7,7.1,4.3,22.1,0.3,0.3,11.9,30.2,-0.2,0.0,-0.1,-0.010,-0.8,-4.2,-5.0,-0.4,,thomaca02
287,Cam Thomas,24,MIL,SG,3,0,58,18.8,.596,.342,.237,0.0,11.5,5.8,15.8,0.0,0.0,10.6,35.9,0.0,0.0,0.0,.023,2.1,-3.1,-1.0,0.0,,thomaca02
288,Tyler Kolek,24,NYK,PG,48,1,636,11.2,.513,.450,.082,2.4,13.1,7.7,30.0,1.5,0.5,18.3,18.6,0.2,0.7,0.9,.067,-1.6,0.1,-1.6,0.1,,kolekty01
289,Bryce McGowens,23,NOP,SG,32,11,636,12.0,.615,.374,.450,1.7,9.0,5.3,10.2,1.4,0.8,6.8,14.5,1.1,0.2,1.2,.093,-1.8,-1.1,-2.9,-0.1,,mcgowbr01
290,Jonas Valančiūnas,33,DEN,C,43,4,627,21.0,.624,.066,.353,13.4,26.7,20.4,13.9,0.7,4.1,14.2,25.6,1.2,0.7,1.9,.147,0.0,-0.9,-0.9,0.2,,valanjo01
291,Anthony Davis,32,DAL,PF,20,20,626,21.7,.551,.111,.243,10.7,26.1,18.6,14.9,1.7,4.4,10.0,27.6,0.4,1.1,1.5,.115,1.5,1.0,2.5,0.7,,davisan02
292,Robert Williams,28,POR,C,38,1,620,22.9,.779,.110,.193,13.2,29.9,21.4,10.3,1.8,7.9,15.6,12.1,1.7,1.1,2.9,.223,3.1,2.6,5.7,1.2,,williro04
293,GG Jackson II,21,MEM,PF,33,8,616,13.8,.584,.443,.254,3.3,17.3,10.3,9.5,1.7,3.2,11.5,19.3,0.3,0.7,1.0,.078,-1.4,0.1,-1.3,0.1,,jacksgg01
294,Dylan Cardwell,24,SAC,C,29,1,616,15.6,.602,.009,.357,16.1,24.7,20.3,7.9,1.7,6.9,15.6,10.6,0.9,0.7,1.6,.127,-2.9,1.0,-1.9,0.0,,cardwdy01
295,Jericho Sims,27,MIL,C,39,7,613,10.9,.811,.000,.295,10.1,20.3,15.2,7.0,0.6,1.5,29.6,9.0,0.8,0.5,1.3,.098,-3.3,-0.6,-3.9,-0.3,,simsje01
296,Pat Spencer,29,GSW,PG,39,8,609,13.3,.530,.353,.156,5.2,11.2,8.2,29.1,2.1,0.3,16.2,19.3,0.4,0.6,1.0,.083,-0.8,0.3,-0.6,0.2,,spencpa01
297,De'Anthony Melton,27,GSW,PG,28,4,609,13.6,.536,.478,.239,2.7,11.5,7.1,16.5,3.5,1.6,13.6,24.5,-0.3,0.9,0.7,.053,-3.1,0.7,-2.4,-0.1,,meltode01
298,Justin Edwards,22,PHI,SF,41,5,592,9.4,.536,.643,.135,3.3,8.6,5.9,10.1,2.3,1.2,11.7,14.7,0.2,0.5,0.7,.056,-3.1,0.1,-3.0,-0.1,,edwarju01
299,Kenrich Williams,31,OKC,PF,36,2,581,15.4,.611,.463,.184,7.2,15.9,11.8,13.3,1.8,0.7,12.7,17.6,0.8,1.0,1.8,.153,1.0,0.6,1.7,0.5,,willike04
300,Taylor Hendricks,22,2TM,PF,37,6,579,10.1,.554,.534,.261,6.0,16.0,11.0,6.7,1.5,1.4,11.8,14.5,0.2,0.2,0.4,.032,-2.3,-1.8,-4.2,-0.3,,hendrta01
300,Taylor Hendricks,22,UTA,PF,33,6,492,10.2,.574,.547,.250,6.4,15.6,11.0,6.5,1.2,1.6,12.3,13.6,0.3,0.1,0.4,.035,-1.8,-1.8,-3.6,-0.2,,hendrta01
300,Taylor Hendricks,22,MEM,PF,4,0,87,9.1,.481,.485,.303,3.7,18.4,11.1,8.1,2.7,0.0,9.7,19.7,-0.1,0.1,0.0,.015,-5.5,-1.9,-7.3,-0.1,,hendrta01
301,Gabe Vincent,29,2TM,PG,30,7,578,5.6,.497,.787,.081,1.7,3.9,2.8,8.9,1.4,0.2,7.9,11.5,0.1,0.2,0.3,.022,-3.9,-0.9,-4.8,-0.4,,vincega01
301,Gabe Vincent,29,LAL,PG,29,7,559,5.5,.512,.792,.085,1.5,4.1,2.8,8.4,1.2,0.2,8.2,11.4,0.1,0.2,0.3,.023,-3.9,-1.1,-5.0,-0.4,,vincega01
301,Gabe Vincent,29,ATL,PG,1,0,19,8.7,.167,.667,.000,5.6,0.0,2.8,24.9,7.4,0.0,0.0,13.2,0.0,0.0,0.0,-0.011,-5.2,4.2,-1.0,0.0,,vincega01
302,Rayan Rupert,21,POR,SG,48,0,577,5.8,.447,.483,.095,4.2,12.0,8.1,7.8,2.4,0.3,15.5,12.7,-0.5,0.5,0.1,.005,-5.7,0.6,-5.1,-0.5,,ruperra01
303,Christian Braun,24,DEN,SG,19,19,576,10.8,.558,.293,.293,6.0,9.9,8.1,12.1,0.9,1.1,11.5,14.6,0.6,0.2,0.8,.066,-1.5,-1.5,-3.0,-0.1,,braunch01
304,Ja Morant,26,MEM,PG,20,20,569,16.7,.521,.264,.363,1.5,10.7,6.1,44.8,1.7,1.0,16.0,32.4,0.1,0.5,0.5,.043,0.4,-1.9,-1.5,0.1,,moranja01
305,Domantas Sabonis,29,SAC,C,19,15,564,19.3,.590,.122,.348,12.3,31.1,21.4,21.8,1.5,0.6,16.7,23.1,0.7,0.5,1.2,.098,0.6,-0.2,0.5,0.4,,sabondo01
306,Clint Capela,31,HOU,C,47,1,556,19.0,.538,.000,.264,20.0,22.1,21.1,6.3,2.2,6.1,10.6,13.5,0.9,1.1,2.0,.172,0.2,0.7,0.9,0.4,,capelca01
307,Karlo Matković,24,NOP,PF,43,2,556,15.6,.681,.363,.116,6.7,20.0,13.2,8.1,1.3,5.2,11.5,13.0,0.9,0.5,1.4,.124,-0.1,0.5,0.3,0.3,,matkoka01
308,Gary Harris,31,MIL,SG,38,2,553,7.3,.603,.635,.122,2.7,8.2,5.5,9.3,1.9,1.1,17.0,7.5,0.3,0.4,0.7,.059,-3.6,0.8,-2.8,-0.1,,harriga01
309,Jakob Poeltl,30,TOR,C,22,22,551,16.2,.685,.000,.366,11.8,22.4,17.0,11.6,1.4,2.0,17.9,14.7,0.9,0.8,1.7,.150,-0.8,1.0,0.2,0.3,,poeltja01
310,Derrick Jones Jr.,28,LAC,SF,22,17,546,14.6,.661,.473,.270,3.8,8.1,6.0,7.4,1.7,4.2,9.3,14.9,0.9,0.4,1.4,.120,0.5,0.3,0.8,0.4,,jonesde02
311,Tre Mann,24,CHO,PG,34,1,544,8.7,.470,.522,.084,4.3,11.7,8.1,19.8,1.5,0.7,14.8,23.5,-0.5,0.5,-0.1,-0.007,-3.6,-1.2,-4.8,-0.4,,manntr01
312,Jabari Walker,23,PHI,PF,45,6,543,10.3,.505,.438,.306,10.2,18.1,14.1,5.2,1.4,1.9,9.4,14.1,0.3,0.6,0.9,.076,-3.6,-0.7,-4.3,-0.3,,walkeja01
313,Dwight Powell,34,DAL,C,40,7,541,11.8,.661,.034,1.051,10.6,16.9,13.9,8.8,1.8,1.8,18.8,8.3,0.8,0.7,1.5,.137,-3.1,1.8,-1.3,0.1,,poweldw01
314,Trendon Watford,25,PHI,PF,32,5,530,12.9,.572,.187,.277,5.3,17.9,11.5,22.9,0.8,1.7,17.1,16.8,0.5,0.5,1.0,.087,-1.7,0.2,-1.5,0.1,,watfotr01
315,Cole Anthony,25,MIL,PG,35,0,527,10.8,.483,.312,.113,3.5,15.0,9.3,34.3,1.9,2.1,21.1,25.8,-0.9,0.5,-0.4,-0.034,-3.8,-0.8,-4.6,-0.3,,anthoco01
316,Josh Minott,23,BOS,PF,33,10,526,15.7,.651,.566,.191,8.4,16.2,12.3,8.3,2.3,2.3,11.9,13.7,1.1,0.8,1.8,.169,0.9,1.1,2.0,0.5,,minotjo01
317,Noah Penda,21,ORL,SF,38,2,519,13.2,.538,.422,.253,11.8,18.6,15.1,11.8,1.9,2.4,15.8,16.5,0.2,0.7,0.9,.083,-1.2,0.2,-1.1,0.1,,pendano01
318,Jalen Wilson,25,BRK,PF,35,0,513,7.4,.516,.611,.284,1.5,11.4,6.2,6.4,1.4,0.4,9.4,17.1,-0.2,0.2,0.0,.005,-4.2,-1.9,-6.1,-0.5,,wilsoja03
319,John Konchar,29,2TM,SG,34,1,513,12.3,.564,.547,.186,5.5,16.9,11.2,11.9,3.3,3.1,13.9,8.7,0.4,0.8,1.2,.109,-1.8,3.4,1.7,0.5,,konchjo01
319,John Konchar,29,MEM,SG,30,1,435,12.9,.619,.549,.183,4.9,17.7,11.3,11.8,3.4,2.8,15.4,8.6,0.4,0.7,1.1,.124,-1.3,3.8,2.4,0.5,,konchjo01
319,John Konchar,29,UTA,SG,4,0,78,8.8,.306,.533,.200,8.3,12.7,10.5,12.5,3.0,5.0,5.8,9.2,0.0,0.1,0.0,.024,-4.2,1.6,-2.6,0.0,,konchjo01
320,Tidjane Salaün,20,CHO,PF,32,0,512,13.4,.640,.500,.239,5.4,24.7,15.3,7.2,1.2,1.2,13.3,14.9,0.6,0.6,1.2,.115,-0.9,0.3,-0.6,0.2,,salauti01
321,Zeke Nnaji,25,DEN,PF,39,2,500,11.7,.583,.325,.325,7.0,17.1,12.3,5.5,1.3,3.7,13.0,14.2,0.4,0.5,0.8,.080,-2.9,-0.5,-3.4,-0.2,,nnajize01
322,Josh Green,25,CHO,SG,31,0,500,10.3,.644,.721,.154,6.5,7.0,6.8,8.3,1.8,0.5,14.6,10.9,0.7,0.4,1.0,.099,-1.2,0.6,-0.6,0.2,,greenjo02
323,Kevin Love,37,UTA,PF,29,5,500,14.3,.563,.693,.227,10.4,27.0,18.6,13.5,0.8,1.6,11.8,16.8,0.6,0.2,0.9,.083,0.7,-1.3,-0.6,0.2,,loveke01
324,Jordan Hawkins,23,NOP,SG,36,0,498,5.4,.434,.558,.105,3.0,10.6,6.7,7.2,0.8,1.4,10.9,17.0,-0.7,0.1,-0.6,-0.059,-4.3,-3.0,-7.4,-0.7,,hawkijo01
325,D'Angelo Russell,29,DAL,PG,26,3,495,12.4,.511,.483,.259,1.8,11.0,6.5,30.9,1.1,0.3,15.9,26.1,-0.3,0.4,0.1,.005,-0.7,-1.5,-2.2,0.0,,russeda01
326,Kasparas Jakučionis,19,MIA,PG,29,8,494,10.7,.583,.641,.211,4.9,9.6,7.2,17.8,1.8,0.4,16.2,13.7,0.5,0.5,1.1,.103,-1.9,1.0,-0.9,0.1,,jakucka01
327,Jamir Watkins,24,WAS,SG,27,4,492,8.7,.498,.533,.275,5.5,15.2,10.3,5.9,2.0,2.5,10.6,12.7,0.0,0.3,0.2,.023,-5.2,-0.6,-5.8,-0.5,,watkija01
328,Dalton Knecht,24,LAL,SF,43,1,490,9.3,.548,.576,.118,3.2,12.1,7.8,4.3,0.9,1.7,9.6,17.5,0.0,0.3,0.2,.022,-2.6,-1.9,-4.5,-0.3,,knechda01
329,Paul Reed,26,DET,C,38,7,486,21.9,.626,.152,.275,16.2,20.5,18.4,14.5,3.5,5.1,16.2,19.4,0.9,1.2,2.1,.205,1.4,3.0,4.4,0.8,,reedpa01
330,Jonathan Kuminga,23,GSW,PF,20,13,476,12.5,.543,.273,.340,6.7,20.6,13.6,15.8,0.8,1.1,17.1,23.9,-0.2,0.5,0.3,.030,-2.5,-1.1,-3.6,-0.2,,kuminjo01
331,Guerschon Yabusele,30,2TM,C,45,3,473,9.1,.509,.630,.096,6.6,17.5,12.0,6.7,1.0,1.4,10.6,15.2,0.0,0.5,0.5,.052,-2.8,-1.0,-3.8,-0.2,,yabusgu01
331,Guerschon Yabusele,30,NYK,C,41,0,366,8.6,.499,.636,.112,7.1,19.2,13.0,6.4,0.8,1.4,11.8,14.7,0.0,0.4,0.4,.053,-3.1,-0.7,-3.8,-0.2,,yabusgu01
331,Guerschon Yabusele,30,CHI,C,4,3,107,10.9,.539,.615,.051,5.1,11.9,8.5,7.6,1.8,1.6,7.0,16.9,0.0,0.1,0.1,.047,-1.9,-2.1,-4.0,-0.1,,yabusgu01
332,Kyle Anderson,32,2TM,SF,23,3,472,14.3,.591,.040,.347,5.0,13.2,9.1,18.6,2.8,2.9,13.9,14.5,0.6,0.3,0.9,.091,-1.3,0.8,-0.5,0.2,,anderky01
332,Kyle Anderson,32,UTA,SF,20,0,401,14.3,.565,.046,.349,5.1,12.9,9.0,20.8,2.7,2.4,11.9,14.7,0.5,0.2,0.7,.089,-1.0,0.6,-0.3,0.2,,anderky01
332,Kyle Anderson,32,MEM,SF,3,3,71,14.5,.785,.000,.333,4.5,15.0,9.8,6.1,3.3,5.3,25.9,13.5,0.0,0.1,0.2,.103,-3.4,1.9,-1.5,0.0,,anderky01
333,Jase Richardson,20,ORL,SG,39,0,471,11.4,.578,.432,.239,4.4,7.9,6.1,14.1,1.1,0.4,11.4,17.3,0.4,0.3,0.7,.074,-1.7,-1.4,-3.1,-0.1,,richaja02
334,Aaron Holiday,29,HOU,PG,35,1,465,10.5,.570,.671,.205,1.4,5.7,3.5,10.0,1.7,0.8,10.7,17.7,0.5,0.4,0.9,.097,-1.9,-0.2,-2.1,0.0,,holidaa01
335,Keaton Wallace,26,ATL,PG,40,2,446,11.3,.547,.618,.081,0.7,10.6,5.6,23.3,2.2,1.0,13.5,15.3,0.2,0.4,0.6,.070,-2.1,0.3,-1.8,0.0,,wallake01
336,Jaden Hardy,23,2TM,SG,35,4,443,11.0,.556,.642,.209,2.7,8.8,5.8,9.9,1.0,0.4,11.3,23.5,-0.1,0.3,0.2,.024,-1.7,-1.8,-3.5,-0.2,,hardyja02
336,Jaden Hardy,23,DAL,SG,34,4,428,10.8,.551,.639,.206,2.8,8.7,5.8,9.9,1.0,0.4,11.3,23.4,-0.1,0.3,0.2,.021,-2.0,-1.7,-3.7,-0.2,,hardyja02
336,Jaden Hardy,23,WAS,SG,1,0,15,18.4,.698,.714,.286,0.0,14.2,7.0,10.1,0.0,0.0,11.3,24.7,0.0,0.0,0.0,.111,5.6,-3.7,1.9,0.0,,hardyja02
337,Asa Newell,20,ATL,PF,39,1,442,13.6,.630,.463,.170,8.9,10.9,9.9,6.3,1.6,2.7,11.7,16.9,0.5,0.4,0.9,.093,-1.4,-0.8,-2.1,0.0,,newelas01
338,Julian Strawther,23,DEN,SG,32,4,441,12.1,.569,.445,.329,1.4,14.9,8.5,9.7,1.6,0.4,9.7,19.5,0.2,0.3,0.5,.060,-2.0,-1.3,-3.3,-0.2,,strawju01
339,Jonathan Isaac,28,ORL,PF,44,0,439,11.9,.522,.383,.532,8.2,19.9,13.9,5.1,1.9,5.1,12.1,12.7,0.1,0.7,0.8,.086,-2.7,1.2,-1.6,0.1,,isaacjo01
340,Jamaree Bouyea,26,PHO,PG,28,0,438,15.3,.576,.331,.140,3.2,10.6,6.8,17.1,2.1,2.4,9.7,17.8,0.6,0.5,1.1,.119,0.4,0.9,1.3,0.4,,bouyeja01
341,Trayce Jackson-Davis,25,2TM,C,38,1,436,16.7,.596,.009,.579,14.1,17.7,15.9,11.0,1.7,4.2,12.4,14.9,0.8,0.6,1.4,.154,-0.6,0.6,0.0,0.2,,jackstr02
341,Trayce Jackson-Davis,25,GSW,C,36,1,411,16.0,.601,.010,.510,12.5,17.6,15.0,11.1,1.5,4.2,12.6,14.7,0.7,0.6,1.2,.146,-1.0,0.7,-0.3,0.2,,jackstr02
341,Trayce Jackson-Davis,25,TOR,C,2,0,25,28.3,.532,.000,2.000,39.8,18.1,29.1,10.1,3.9,3.9,9.6,17.7,0.1,0.1,0.2,.290,5.4,-1.1,4.4,0.0,,jackstr02
342,Drew Eubanks,28,SAC,C,32,11,430,12.3,.613,.044,.377,6.8,15.3,10.9,3.0,1.3,4.0,15.8,15.6,0.1,0.2,0.3,.037,-3.4,-0.8,-4.2,-0.2,,eubandr01
343,Tony Bradley,28,IND,C,38,3,416,13.2,.604,.019,.406,14.1,13.6,13.8,7.0,0.7,1.5,12.0,14.5,0.7,0.3,0.9,.110,-2.4,-1.5,-3.9,-0.2,,bradlto01
344,Quenton Jackson,27,IND,PG,26,10,414,15.2,.612,.399,.439,3.8,9.9,6.8,19.0,2.1,1.0,14.5,21.1,0.5,0.3,0.8,.093,-0.2,0.5,0.3,0.2,,jacksqu01
345,Kristaps Porziņģis,30,ATL,C,17,12,413,20.5,.592,.410,.386,5.4,17.5,11.4,16.7,1.0,4.8,6.1,26.5,0.9,0.4,1.4,.161,2.6,0.7,3.2,0.6,,porzikr01
346,Thomas Bryant,28,CLE,C,39,0,408,17.5,.639,.524,.266,8.5,21.5,14.9,8.4,1.0,3.6,8.6,17.8,0.9,0.5,1.5,.171,0.7,-0.3,0.4,0.2,,bryanth01
347,Micah Potter,27,IND,C,22,3,408,14.0,.646,.655,.382,4.6,20.9,12.5,11.1,0.9,1.5,11.1,15.0,0.7,0.4,1.0,.123,-0.2,-0.2,-0.4,0.2,,pottemi01
348,Tyrese Proctor,21,CLE,PG,39,1,404,10.3,.528,.609,.160,1.6,9.5,5.5,17.7,1.8,0.0,12.6,21.2,0.0,0.3,0.4,.045,-2.9,-0.8,-3.7,-0.2,,proctty01
349,Rob Dillingham,21,2TM,PG,38,0,400,7.3,.423,.229,.159,2.2,11.9,7.1,23.6,3.0,0.7,19.1,23.6,-1.0,0.5,-0.5,-0.056,-7.2,-0.2,-7.5,-0.6,,dilliro01
349,Rob Dillingham,21,MIN,PG,35,0,326,6.1,.404,.234,.142,1.7,11.9,6.9,23.8,2.8,0.8,19.4,23.9,-0.9,0.4,-0.5,-0.074,-7.8,-0.3,-8.1,-0.5,,dilliro01
349,Rob Dillingham,21,CHI,PG,3,0,74,12.9,.514,.207,.241,4.4,11.5,8.0,22.9,3.8,0.0,17.9,22.3,0.0,0.1,0.0,.022,-4.6,0.0,-4.6,0.0,,dilliro01
350,Carter Bryant,20,SAS,PF,43,0,398,8.7,.478,.545,.154,5.2,17.5,11.5,4.7,1.1,2.0,7.8,17.5,-0.2,0.6,0.4,.042,-3.9,-0.7,-4.6,-0.3,,bryanca01
351,Olivier-Maxence Prosper,23,MEM,PF,29,1,398,14.0,.641,.444,.371,6.7,15.6,11.2,6.7,1.0,0.9,12.2,17.1,0.6,0.3,0.9,.108,-0.3,-1.6,-2.0,0.0,,prospol01
352,Tristan Vukcevic,22,WAS,C,33,3,394,16.6,.575,.397,.402,5.3,16.5,10.9,14.3,1.2,5.1,14.9,26.9,0.1,0.2,0.3,.035,-0.6,-1.0,-1.6,0.0,,vukcetr01
353,Ben Saraf,19,BRK,SG,22,5,384,5.8,.439,.425,.292,2.0,9.2,5.4,22.7,2.2,1.0,23.9,19.0,-0.8,0.2,-0.6,-0.074,-6.3,-1.4,-7.7,-0.6,,sarafbe01
354,Dalen Terry,23,2TM,SG,35,0,384,11.3,.529,.452,.163,5.4,12.8,9.1,15.0,2.7,2.5,16.5,14.7,0.0,0.4,0.4,.049,-2.6,0.9,-1.7,0.0,,terryda01
354,Dalen Terry,23,CHI,SG,34,0,377,11.7,.539,.451,.167,5.5,12.7,9.1,14.9,2.8,2.5,16.1,14.6,0.1,0.4,0.5,.058,-2.3,1.0,-1.3,0.1,,terryda01
354,Dalen Terry,23,PHI,SG,1,0,7,-11.3,.000,.500,.000,0.0,16.1,7.9,16.8,0.0,0.0,33.3,18.2,-0.1,0.0,-0.1,-0.403,-14.6,-6.7,-21.3,0.0,,terryda01
355,Cam Christie,20,LAC,SG,38,0,379,9.7,.514,.389,.389,3.8,14.3,9.2,8.3,1.3,0.8,11.2,16.7,0.0,0.3,0.2,.028,-3.1,-1.3,-4.4,-0.2,,chrisca02
356,Branden Carlson,26,OKC,C,34,2,373,15.5,.604,.454,.131,6.4,18.7,12.8,7.2,0.8,4.7,8.0,17.4,0.5,0.7,1.2,.150,-0.3,0.2,-0.1,0.2,,carlsbr01
357,Bogdan Bogdanović,33,LAC,SG,17,3,372,7.8,.502,.612,.157,1.6,12.8,7.4,17.0,1.1,0.3,14.5,18.1,-0.2,0.2,0.0,.005,-3.2,-1.1,-4.3,-0.2,,bogdabo01
358,Ariel Hukporti,23,NYK,C,39,4,361,11.6,.621,.075,.491,11.7,23.4,17.5,7.2,0.7,5.8,24.6,10.0,0.3,0.5,0.9,.115,-3.6,1.4,-2.2,0.0,,hukpoar01
359,Jeremiah Robinson-Earl,25,2TM,PF,22,3,361,9.5,.468,.410,.180,10.5,20.3,15.3,5.6,1.2,0.2,10.0,14.1,0.0,0.3,0.3,.038,-3.4,-1.6,-5.0,-0.3,,robinje02
359,Jeremiah Robinson-Earl,25,IND,PF,17,3,300,8.8,.443,.398,.169,11.1,20.7,15.8,5.4,1.1,0.3,10.1,14.0,-0.1,0.2,0.2,.024,-3.5,-1.8,-5.3,-0.2,,robinje02
359,Jeremiah Robinson-Earl,25,DAL,PF,5,0,61,13.0,.586,.471,.235,7.1,18.6,13.0,6.7,1.5,0.0,9.6,14.3,0.1,0.1,0.1,.108,-3.0,-0.9,-4.0,0.0,,robinje02
360,Moussa Cisse,23,DAL,C,30,1,359,15.0,.593,.000,.812,16.6,22.7,19.7,2.6,1.3,7.9,19.0,13.5,0.3,0.7,0.9,.122,-4.2,1.3,-2.9,-0.1,,cissemo01
361,Ousmane Dieng,22,2TM,C,30,1,359,12.6,.573,.560,.086,2.9,14.2,8.7,12.8,0.5,3.0,6.2,15.6,0.4,0.5,0.9,.122,0.1,0.7,0.8,0.3,,diengou01
361,Ousmane Dieng,22,OKC,C,27,0,295,10.1,.534,.538,.066,3.1,12.0,7.7,12.4,0.3,2.3,7.9,14.9,0.2,0.4,0.6,.096,-1.5,0.0,-1.5,0.0,,diengou01
361,Ousmane Dieng,22,MIL,C,3,1,64,24.1,.710,.640,.160,1.8,24.3,13.2,14.7,1.5,6.2,0.0,18.5,0.2,0.1,0.3,.243,7.2,4.1,11.3,0.2,,diengou01
362,Jeremy Sochan,22,SAS,PF,28,0,358,9.8,.538,.354,.162,7.9,13.9,11.0,10.4,1.3,1.2,14.5,14.6,0.1,0.5,0.6,.080,-3.6,0.3,-3.3,-0.1,,sochaje01
363,Cam Whitmore,21,WAS,SF,21,0,354,13.8,.528,.331,.183,5.6,11.8,8.7,6.6,2.0,2.0,9.0,23.6,-0.1,0.1,0.0,.006,-1.1,-2.1,-3.2,-0.1,,whitmca01
364,Ethan Thompson,26,IND,SG,22,5,352,8.4,.504,.647,.157,3.3,9.1,6.1,12.6,1.8,1.5,9.9,14.6,0.0,0.3,0.2,.034,-3.7,0.3,-3.3,-0.1,,thompet01
365,Tyler Herro,26,MIA,SG,11,10,349,18.0,.605,.370,.227,1.7,13.6,7.6,13.4,1.5,1.3,7.9,25.0,0.5,0.4,0.9,.127,2.5,0.3,2.8,0.4,,herroty01
366,Jett Howard,22,ORL,SF,33,0,342,11.5,.534,.632,.169,3.5,10.3,6.8,11.4,0.8,1.0,4.6,18.9,0.3,0.2,0.6,.077,-0.9,-1.4,-2.4,0.0,,howarje01
367,Liam McNeeley,20,CHO,SF,28,0,342,9.4,.566,.659,.352,3.7,15.8,9.9,9.0,0.7,0.8,10.6,14.0,0.3,0.3,0.6,.085,-2.0,-0.3,-2.3,0.0,,mcneeli01
368,Julian Phillips,22,2TM,SF,37,2,342,9.8,.537,.543,.141,7.0,6.8,6.9,2.6,2.6,1.5,6.7,12.9,0.2,0.3,0.4,.059,-2.7,0.1,-2.7,-0.1,,phillju01
368,Julian Phillips,22,CHI,SF,35,2,334,9.4,.533,.557,.125,7.2,7.0,7.1,2.7,2.4,1.6,7.0,12.6,0.1,0.2,0.4,.053,-2.8,-0.1,-2.9,-0.1,,phillju01
368,Julian Phillips,22,MIN,SF,2,0,8,28.2,.615,.250,.500,0.0,0.0,0.0,0.0,11.9,0.0,0.0,25.6,0.0,0.0,0.1,.302,0.8,8.4,9.1,0.0,,phillju01
369,Kobe Brown,26,2TM,PF,36,1,342,11.1,.532,.548,.301,7.6,14.5,11.1,12.8,1.5,0.6,13.9,15.9,0.2,0.2,0.4,.059,-1.7,-1.1,-2.8,-0.1,,brownko01
369,Kobe Brown,26,LAC,PF,34,0,295,11.3,.524,.583,.310,7.4,13.4,10.5,13.0,1.5,0.6,13.6,16.7,0.1,0.2,0.3,.054,-1.2,-1.2,-2.4,0.0,,brownko01
369,Kobe Brown,26,IND,PF,2,1,47,10.3,.607,.222,.222,8.9,21.2,14.9,11.7,1.0,0.0,16.8,10.7,0.0,0.0,0.1,.088,-4.4,-0.8,-5.2,0.0,,brownko01
370,Maxi Kleber,34,LAL,PF,29,1,333,7.8,.534,.396,.377,8.4,11.3,9.9,7.5,1.6,1.7,16.3,9.6,0.2,0.2,0.4,.060,-3.9,-0.1,-4.0,-0.2,,klebima01
371,Jamison Battle,24,TOR,SF,39,2,330,10.1,.632,.582,.099,4.4,14.4,9.3,6.2,0.7,0.6,12.8,14.1,0.2,0.3,0.5,.075,-2.1,-0.9,-3.0,-0.1,,battlja01
372,Larry Nance Jr.,33,CLE,PF,25,2,322,8.6,.472,.522,.054,7.1,14.6,10.8,9.7,2.2,1.1,10.5,13.5,0.0,0.4,0.4,.061,-4.4,0.8,-3.6,-0.1,,nancela02
373,Nick Richards,28,2TM,C,31,2,320,12.2,.555,.033,.451,14.2,23.2,18.6,3.9,1.1,5.5,22.1,18.5,-0.1,0.5,0.3,.049,-5.6,-0.9,-6.5,-0.4,,richani01
373,Nick Richards,28,PHO,C,28,2,254,11.4,.534,.000,.394,14.9,25.1,19.8,4.4,0.8,5.3,23.1,18.0,-0.2,0.4,0.2,.039,-6.0,-0.8,-6.8,-0.3,,richani01
373,Nick Richards,28,CHI,C,3,0,66,15.4,.622,.150,.650,11.5,16.1,13.9,2.1,2.1,6.6,18.9,20.3,0.0,0.1,0.1,.086,-4.0,-1.4,-5.4,-0.1,,richani01
374,Mohamed Diawara,20,NYK,SF,45,6,318,11.5,.582,.612,.058,3.4,15.1,9.1,10.2,1.7,1.6,12.4,16.1,0.2,0.4,0.6,.089,-1.2,0.6,-0.6,0.1,,diawamo01
375,Nick Smith Jr.,21,LAL,SG,25,1,318,9.2,.530,.519,.083,0.8,6.4,3.7,12.7,1.4,0.6,12.1,21.4,-0.2,0.1,0.0,-0.007,-2.8,-2.4,-5.2,-0.3,,smithni01
376,Dorian Finney-Smith,32,HOU,PF,20,0,316,4.5,.419,.791,.075,5.9,10.4,8.2,5.9,1.1,1.2,13.7,10.6,-0.1,0.3,0.2,.026,-5.4,-0.3,-5.7,-0.3,,finnedo01
377,Yanic Konan Niederhäuser,22,LAC,C,34,0,306,15.5,.695,.042,.606,11.4,18.5,15.1,5.0,0.3,5.9,17.4,15.9,0.5,0.3,0.8,.128,-3.1,-0.4,-3.5,-0.1,,konanya01
378,Christian Koloko,25,3TM,C,20,4,306,8.3,.447,.083,.100,9.1,14.1,11.6,5.8,1.9,6.0,16.1,10.1,-0.1,0.4,0.3,.042,-5.7,1.4,-4.3,-0.2,,kolokch01
378,Christian Koloko,25,LAL,C,2,0,6,-0.4,,,,0.0,19.0,9.8,0.0,0.0,0.0,,0.0,0.0,0.0,0.0,.019,-6.7,-1.6,-8.3,0.0,,kolokch01
378,Christian Koloko,25,MEM,C,11,2,195,9.0,.394,.029,.114,10.5,13.7,12.1,6.5,2.4,6.2,16.0,9.3,-0.1,0.3,0.2,.046,-4.8,1.9,-2.8,0.0,,kolokch01
378,Christian Koloko,25,ATL,C,7,2,105,7.5,.522,.160,.080,7.1,14.6,10.8,4.9,0.9,6.0,16.2,12.3,0.0,0.1,0.1,.035,-7.4,0.7,-6.8,-0.1,,kolokch01
379,Amir Coffey,28,2TM,SG,32,2,298,9.1,.585,.470,.288,3.0,9.4,6.2,6.3,0.7,1.0,6.3,11.7,0.3,0.1,0.4,.068,-3.0,-1.8,-4.9,-0.2,,coffeam01
379,Amir Coffey,28,MIL,SG,30,2,265,8.4,.584,.455,.273,2.6,8.4,5.5,5.5,0.6,1.1,6.1,11.0,0.2,0.1,0.3,.057,-3.2,-1.9,-5.1,-0.2,,coffeam01
379,Amir Coffey,28,PHO,SG,2,0,33,14.4,.588,.545,.364,6.5,17.2,11.7,12.8,1.5,0.0,7.3,17.6,0.1,0.0,0.1,.154,-1.9,-1.0,-2.9,0.0,,coffeam01
380,Javon Small,23,MEM,PG,20,0,297,12.2,.517,.476,.238,5.1,10.8,7.9,29.7,1.1,0.9,15.9,19.3,0.2,0.2,0.4,.062,-0.8,-1.4,-2.2,0.0,,smallja01
381,Isaiah Livers,27,PHO,PF,29,0,294,9.6,.559,.673,.192,6.2,15.1,10.5,8.7,2.0,2.6,17.5,9.8,0.2,0.4,0.5,.086,-2.5,1.5,-0.9,0.1,,liveris01
382,Kelly Olynyk,34,SAS,C,30,0,284,12.7,.569,.481,.380,7.3,13.8,10.6,16.9,2.2,0.3,16.3,16.3,0.3,0.4,0.7,.114,-2.1,0.9,-1.2,0.1,,olynyke01
383,Zach Edey,23,MEM,C,11,11,284,20.8,.669,.051,.327,16.3,29.7,23.0,6.6,1.2,6.9,18.8,20.2,0.4,0.5,0.9,.149,-0.6,1.3,0.7,0.2,,edeyza01
384,Terrence Shannon Jr.,25,MIN,SG,22,0,282,6.9,.538,.457,.333,2.4,8.4,5.4,6.4,1.2,0.3,13.9,16.1,-0.1,0.2,0.2,.029,-4.8,-0.9,-5.6,-0.3,,shannte01
385,Trae Young,27,ATL,PG,10,10,280,19.8,.577,.437,.541,0.0,5.9,2.9,45.6,1.7,0.3,13.5,28.8,0.7,0.2,0.8,.144,3.3,-2.0,1.3,0.2,,youngtr01
386,Malaki Branham,22,WAS,SG,28,0,275,14.1,.604,.407,.374,4.6,12.4,8.4,11.9,1.7,1.0,12.4,18.3,0.3,0.1,0.4,.070,-0.9,-1.5,-2.4,0.0,,branhma01
387,Devin Carter,23,SAC,PG,20,1,268,12.3,.486,.432,.297,4.9,13.8,9.2,20.6,2.2,1.7,13.7,23.1,-0.2,0.1,0.0,-0.006,-2.7,-0.7,-3.4,-0.1,,cartede02
388,Jae'Sean Tate,30,HOU,SF,32,0,267,10.8,.559,.301,.096,9.1,10.3,9.7,8.2,1.5,1.0,11.6,13.5,0.3,0.3,0.6,.099,-3.1,-0.3,-3.4,-0.1,,tateja01
389,Grant Williams,27,CHO,PF,14,1,266,11.1,.518,.693,.360,7.4,16.1,11.9,11.1,1.1,1.4,10.3,15.3,0.3,0.2,0.5,.089,-1.4,0.6,-0.8,0.1,,willigr01
390,Duop Reath,29,POR,C,32,0,258,10.7,.613,.743,.081,4.1,11.9,8.0,5.4,0.9,2.8,8.4,13.1,0.3,0.2,0.5,.095,-0.7,-0.2,-0.9,0.1,,reathdu01
391,Jevon Carter,30,2TM,PG,24,0,258,11.9,.562,.755,.094,2.1,9.1,5.6,10.2,2.4,0.7,9.1,19.8,0.1,0.2,0.2,.044,-1.0,-0.6,-1.6,0.0,,carteje01
391,Jevon Carter,30,CHI,PG,23,0,254,12.5,.577,.757,.097,2.1,8.8,5.5,10.4,2.4,0.7,9.3,19.6,0.1,0.2,0.3,.056,-0.6,-0.4,-1.0,0.1,,carteje01
391,Jevon Carter,30,ORL,PG,1,0,4,-23.6,.000,.667,.000,0.0,28.3,13.9,0.0,0.0,0.0,0.0,31.7,-0.1,0.0,-0.1,-0.709,-29.0,-11.3,-40.4,0.0,,carteje01
392,Yang Hansen,20,POR,C,34,1,255,2.6,.399,.440,.238,6.7,16.4,11.4,10.9,0.6,2.8,23.8,19.3,-0.7,0.2,-0.5,-0.098,-9.2,-0.6,-9.8,-0.5,,yangha01
393,Myron Gardner,24,MIA,SF,26,4,254,17.2,.593,.536,.214,10.4,21.1,15.7,14.2,2.5,1.8,6.1,15.6,0.6,0.5,1.0,.198,0.0,2.5,2.5,0.3,,gardnmy01
394,Kevon Looney,29,NOP,C,18,6,251,13.6,.468,.173,.154,17.7,23.7,20.7,12.9,1.1,3.5,12.6,10.6,0.3,0.2,0.5,.101,-1.5,-0.8,-2.3,0.0,,looneke01
395,Pete Nance,25,MIL,PF,23,0,247,17.1,.767,.573,.000,5.1,16.2,10.7,8.5,1.4,1.6,11.8,15.2,0.5,0.2,0.7,.144,2.4,-0.3,2.1,0.2,,nancepe01
396,Chris Paul,40,LAC,PG,16,0,228,8.2,.413,.536,.036,3.2,10.9,7.2,31.5,2.4,0.0,22.0,14.2,-0.1,0.2,0.1,.015,-4.0,-0.3,-4.3,-0.1,,paulch01
397,Anthony Gill,33,WAS,PF,28,0,225,12.0,.619,.271,.250,7.9,14.2,11.0,5.4,2.3,2.3,15.8,11.7,0.2,0.1,0.3,.067,-3.3,-0.8,-4.1,-0.1,,gillan01
398,AJ Johnson,21,2TM,SG,28,0,225,3.6,.375,.307,.136,3.7,11.4,7.5,13.9,1.5,0.0,16.2,20.6,-0.7,0.0,-0.7,-0.143,-7.7,-3.5,-11.3,-0.5,,johnsaj01
398,AJ Johnson,21,WAS,SG,25,0,214,4.4,.396,.301,.145,3.9,11.5,7.7,14.1,1.6,0.0,16.9,20.7,-0.6,0.0,-0.6,-0.129,-7.3,-3.3,-10.6,-0.5,,johnsaj01
398,AJ Johnson,21,DAL,SG,3,0,11,-12.3,.000,.400,.000,0.0,9.4,4.8,10.5,0.0,0.0,0.0,19.1,-0.1,0.0,-0.1,-0.411,-16.4,-7.2,-23.7,-0.1,,johnsaj01
399,KJ Simpson,23,CHO,PG,14,2,223,7.8,.437,.438,.180,2.6,11.9,7.3,22.2,3.3,0.0,20.0,22.7,-0.5,0.3,-0.2,-0.043,-5.7,0.1,-5.6,-0.2,,simpskj01
400,Brooks Barnhizer,23,OKC,SG,29,0,221,7.6,.463,.348,.130,5.1,19.8,12.8,8.9,1.1,1.3,12.6,10.9,0.0,0.4,0.4,.078,-3.9,1.2,-2.7,0.0,,barnhbr01
401,Kam Jones,23,IND,SG,18,2,214,7.0,.460,.431,.069,2.9,6.7,4.8,17.5,0.9,0.0,11.8,13.4,-0.1,0.1,0.0,-0.002,-4.5,-1.9,-6.4,-0.2,,joneska03
402,Bronny James,21,LAL,SG,29,1,211,9.5,.506,.450,.083,2.3,5.9,4.2,21.9,2.5,0.9,18.4,15.7,0.0,0.2,0.1,.029,-2.6,-0.8,-3.4,-0.1,,jamesbr02
403,Rasheer Fleming,21,PHO,PF,30,0,209,9.0,.443,.561,.134,10.8,10.3,10.6,4.6,1.4,3.2,9.4,19.4,-0.1,0.2,0.1,.014,-4.5,-2.0,-6.5,-0.2,,flemira01
404,Blake Wesley,22,POR,SG,13,0,201,11.6,.493,.328,.239,3.2,10.4,6.7,27.4,3.1,0.4,17.8,18.1,0.0,0.2,0.2,.047,-2.9,0.7,-2.2,0.0,,weslebl01
405,Taelon Peter,23,IND,SG,24,0,196,8.7,.478,.914,.103,3.2,12.5,7.7,16.0,2.2,0.9,14.2,15.3,-0.1,0.2,0.1,.014,-3.1,-0.1,-3.2,-0.1,,peterta01
406,Garrison Mathews,29,IND,SG,15,1,196,11.4,.628,.885,.442,1.1,8.5,4.7,7.0,1.5,1.3,4.6,14.1,0.3,0.1,0.4,.107,-1.2,0.1,-1.1,0.0,,mathega01
407,Nigel Hayes-Davis,31,PHO,SF,27,0,195,4.2,.356,.348,.087,6.6,12.3,9.4,4.6,2.0,1.0,14.3,12.1,-0.3,0.2,-0.1,-0.024,-6.4,-0.9,-7.3,-0.3,,hayesni01
408,Lindy Waters III,28,SAS,SG,28,0,191,5.9,.496,.870,.019,1.1,10.5,5.9,7.3,1.0,0.0,6.8,12.9,0.0,0.2,0.2,.044,-3.6,0.0,-3.6,-0.1,,waterli01
409,Zach Collins,28,CHI,C,10,0,184,18.1,.666,.328,.313,9.5,23.1,16.4,11.9,0.5,1.9,12.1,19.0,0.4,0.1,0.5,.137,1.0,-0.9,0.2,0.1,,colliza01
410,Joan Beringer,19,MIN,PF,27,0,181,18.7,.664,.000,.232,17.2,15.5,16.4,5.6,0.8,5.4,11.5,16.2,0.5,0.2,0.7,.183,-0.7,-0.1,-0.8,0.1,,berinjo01
411,JD Davison,23,HOU,PG,24,0,178,9.6,.482,.529,.176,1.2,11.7,6.5,19.2,1.4,2.1,11.3,14.6,0.1,0.2,0.3,.078,-2.9,0.9,-2.1,0.0,,davisjd01
412,RayJ Dennis,24,3TM,PG,15,0,177,6.7,.416,.534,.123,4.7,9.4,7.0,23.5,1.1,2.0,16.3,22.0,-0.4,0.1,-0.3,-0.071,-4.0,-1.0,-5.0,-0.1,,dennira01
412,RayJ Dennis,24,IND,PG,13,0,168,6.6,.421,.528,.125,5.0,8.6,6.7,22.1,0.9,2.1,15.6,22.7,-0.4,0.1,-0.3,-0.076,-3.9,-1.3,-5.2,-0.1,,dennira01
412,RayJ Dennis,24,LAC,PG,1,0,4,-6.0,,,,0.0,56.6,29.2,0.0,0.0,0.0,100.0,11.1,0.0,0.0,0.0,-0.276,-15.6,-0.3,-15.8,0.0,,dennira01
412,RayJ Dennis,24,ATL,PG,1,0,5,22.0,.000,1.000,.000,0.0,0.0,0.0,89.1,9.4,0.0,0.0,8.4,0.0,0.0,0.0,.241,1.5,9.1,10.7,0.0,,dennira01
413,DaRon Holmes,23,DEN,PF,15,6,176,10.3,.623,.791,.186,3.4,11.7,7.8,11.0,0.0,2.1,9.7,12.8,0.3,0.1,0.3,.084,-0.6,-1.5,-2.2,0.0,,holmeda01
414,Chris Youngblood,23,OKC,SG,32,0,174,10.1,.505,.850,.167,4.6,12.6,8.7,8.1,1.1,1.7,3.0,16.5,0.1,0.3,0.4,.107,-2.5,-0.5,-3.0,0.0,,youngch01
415,Chaz Lanier,24,DET,SG,20,0,171,10.7,.524,.789,.088,4.6,7.7,6.2,9.9,1.4,0.0,3.3,14.8,0.2,0.2,0.4,.115,-0.9,-0.6,-1.5,0.0,,laniech01
416,Sharife Cooper,24,WAS,PG,12,0,171,10.8,.635,.365,.135,2.4,14.4,8.3,19.4,0.8,1.0,24.6,17.8,0.0,0.0,0.0,.001,-3.0,-2.5,-5.4,-0.1,,coopesh01
417,PJ Hall,23,2TM,C,16,2,171,18.6,.645,.098,.490,18.2,22.4,20.3,6.0,0.6,4.8,16.2,18.2,0.3,0.2,0.6,.155,0.2,-0.5,-0.4,0.1,,hallpj01
417,PJ Hall,23,MEM,C,7,0,27,18.9,.630,.333,.333,11.9,23.7,17.8,10.9,0.0,6.9,8.8,17.4,0.1,0.0,0.1,.167,1.7,0.1,1.8,0.0,,hallpj01
417,PJ Hall,23,CHO,C,9,2,144,18.6,.648,.048,.524,19.3,22.2,20.8,5.1,0.7,4.4,17.5,18.3,0.3,0.2,0.5,.153,-0.1,-0.7,-0.8,0.0,,hallpj01
418,Taurean Prince,31,MIL,SF,8,0,169,7.8,.623,.737,.079,0.0,8.5,4.3,6.3,1.7,1.2,11.3,11.6,0.1,0.1,0.2,.052,-3.3,-0.3,-3.6,-0.1,,princta02
419,Andre Jackson Jr.,24,MIL,SG,26,0,168,6.0,.385,.578,.222,6.8,9.3,8.0,18.2,1.8,1.2,15.4,15.4,-0.2,0.1,0.0,-0.014,-6.1,-1.2,-7.4,-0.2,,jacksan01
420,Marcus Sasser,25,DET,PG,17,0,167,18.1,.623,.638,.159,0.7,9.2,5.0,28.2,3.2,1.2,14.0,21.2,0.4,0.3,0.6,.186,1.9,1.9,3.7,0.2,,sassema01
421,Hunter Tyson,25,DEN,PF,21,2,162,6.5,.398,.635,.250,3.0,21.3,12.6,13.2,0.6,0.6,8.0,17.0,-0.2,0.1,-0.1,-0.017,-5.2,-1.8,-7.0,-0.2,,tysonhu01
422,Daeqwon Plowden,27,SAC,SG,7,1,160,6.8,.422,.667,.083,9.5,6.5,8.0,9.2,0.6,0.6,7.4,14.3,0.0,0.0,-0.1,-0.021,-4.4,-3.3,-7.7,-0.2,,plowdda01
423,Keshad Johnson,24,MIA,SF,21,0,159,10.3,.512,.404,.298,9.5,15.5,12.5,1.7,1.5,2.3,12.2,18.7,-0.1,0.2,0.1,.045,-4.3,-0.9,-5.2,-0.1,,johnske10
424,Moritz Wagner,28,ORL,C,13,0,156,22.5,.656,.413,.325,6.3,24.0,15.0,7.7,2.2,0.6,8.0,26.9,0.4,0.2,0.6,.189,3.3,-0.4,2.9,0.2,,wagnemo01
425,Jordan McLaughlin,29,SAS,PG,25,0,155,12.4,.549,.511,.106,2.8,9.5,6.2,16.2,4.0,0.0,15.5,15.8,0.0,0.3,0.3,.097,-2.5,2.7,0.2,0.1,,mclaujo01
426,Pat Connaughton,33,CHO,SG,22,0,155,15.5,.621,.600,.289,4.5,17.1,10.9,12.8,1.6,0.6,5.6,14.6,0.4,0.2,0.5,.156,1.9,1.1,3.0,0.2,,connapa01
427,Walker Kessler,24,UTA,C,5,5,154,20.7,.786,.216,.541,16.1,22.1,19.1,13.8,2.1,5.7,25.9,16.6,0.3,0.1,0.5,.150,1.6,1.7,3.3,0.2,,kesslwa01
428,Drew Timme,25,LAL,PF,18,0,150,15.0,.642,.370,.152,6.5,11.4,9.0,14.3,1.6,0.0,10.9,15.9,0.3,0.1,0.4,.119,0.6,-1.3,-0.6,0.1,,timmedr01
429,Jahmai Mashack,23,MEM,SG,12,2,142,11.1,.511,.500,.000,3.0,9.0,6.0,11.7,5.7,0.7,16.4,16.1,-0.1,0.2,0.1,.042,-5.2,2.9,-2.3,0.0,,mashaja01
430,Jonathan Mogbo,24,TOR,PF,23,0,139,9.9,.497,.000,.179,9.5,20.4,14.9,9.3,1.4,2.8,16.6,11.1,0.0,0.2,0.2,.071,-4.3,0.0,-4.3,-0.1,,mogbojo01
431,Jamal Cain,26,ORL,SF,19,0,132,8.2,.555,.500,.474,5.8,6.0,5.9,6.2,1.5,0.7,13.2,16.9,0.0,0.1,0.1,.051,-5.1,-1.6,-6.7,-0.2,,cainja01
432,Mason Plumlee,35,CHO,C,14,2,125,13.4,.752,.000,1.000,9.3,26.4,18.1,16.5,2.4,0.0,34.2,8.8,0.2,0.2,0.3,.132,-1.6,2.5,0.9,0.1,,plumlma01
433,Kevin McCullar Jr.,24,NYK,SF,16,0,123,8.5,.483,.515,.152,7.9,13.6,10.7,19.8,2.4,0.0,23.8,15.9,-0.1,0.2,0.1,.037,-4.3,0.5,-3.8,-0.1,,mcculke01
434,Lachlan Olbrich,22,CHI,C,17,0,121,8.4,.472,.333,.476,10.8,22.9,16.9,12.3,0.8,0.7,13.6,10.2,0.1,0.1,0.2,.064,-4.6,-0.4,-5.1,-0.1,,olbrila01
435,Bradley Beal,32,LAC,SG,6,6,121,5.1,.476,.396,.167,2.0,2.8,2.4,12.4,1.2,0.0,14.9,22.3,-0.2,0.0,-0.2,-0.073,-6.7,-3.9,-10.6,-0.3,,bealbr01
436,Ty Jerome,28,MEM,SG,6,6,121,32.5,.690,.493,.465,2.7,8.8,5.8,54.2,2.7,1.5,10.5,32.7,0.7,0.1,0.9,.340,10.7,1.2,11.9,0.4,,jeromty01
437,Dereck Lively II,21,DAL,C,7,4,115,15.0,.670,.000,.556,13.2,20.6,17.0,14.6,1.6,8.0,30.9,11.8,0.1,0.2,0.3,.138,-3.0,3.8,0.8,0.1,,livelde01
438,Amari Williams,24,BOS,PF,14,2,112,9.6,.517,.000,.750,6.9,21.5,14.2,6.5,0.9,8.1,22.0,10.5,0.0,0.2,0.2,.076,-4.9,2.4,-2.5,0.0,,william01
439,Xavier Tillman Sr.,27,2TM,C,15,1,112,11.2,.500,.484,.000,9.9,14.7,12.3,5.9,2.7,1.8,13.9,13.9,0.0,0.2,0.2,.075,-2.2,0.8,-1.4,0.0,,tillmxa01
439,Xavier Tillman Sr.,27,BOS,C,14,1,111,11.3,.500,.484,.000,10.0,14.8,12.4,5.9,2.7,1.8,13.9,14.0,0.0,0.2,0.2,.076,-2.1,0.8,-1.4,0.0,,tillmxa01
439,Xavier Tillman Sr.,27,CHO,C,1,0,1,0.0,,,,0.0,0.0,0.0,0.0,0.0,0.0,,0.0,0.0,0.0,0.0,.002,-6.1,-2.1,-8.2,0.0,,tillmxa01
440,Doug McDermott,34,SAC,SF,11,0,111,7.1,.579,.974,.000,1.0,7.3,4.0,3.8,0.9,0.8,13.6,16.9,-0.1,0.0,-0.1,-0.028,-2.4,-2.7,-5.2,-0.1,,mcderdo01
441,A.J. Lawson,25,TOR,SG,13,0,109,12.1,.545,.537,.220,7.1,16.6,11.8,3.8,1.8,2.7,8.2,19.2,0.1,0.2,0.2,.093,-2.3,-0.4,-2.7,0.0,,lawsoaj01
442,Khaman Maluach,19,PHO,C,23,0,107,8.3,.546,.250,.417,8.1,19.1,13.5,3.7,0.5,8.0,26.0,15.2,-0.1,0.1,0.0,.019,-8.0,0.0,-8.0,-0.2,,maluakh01
443,Jalen Green,23,PHO,SG,7,2,107,16.7,.544,.561,.197,2.0,13.8,7.8,24.6,1.4,0.0,12.2,32.3,0.0,0.1,0.1,.063,2.4,-1.3,1.1,0.1,,greenja05
444,Ron Harper Jr.,25,BOS,SF,10,1,106,9.4,.423,.774,.065,9.4,12.4,10.9,9.5,0.5,3.8,3.0,13.4,0.1,0.1,0.2,.076,-2.0,0.0,-2.0,0.0,,harpero02
445,Leonard Miller,22,2TM,SF,21,0,104,13.5,.608,.343,.343,7.5,21.8,14.7,6.8,2.3,0.0,18.3,19.9,0.0,0.2,0.2,.074,-4.5,-0.1,-4.6,-0.1,,millele01
445,Leonard Miller,22,MIN,SF,19,0,95,12.2,.581,.364,.333,8.2,20.5,14.4,7.5,2.0,0.0,19.2,20.7,0.0,0.1,0.1,.051,-5.1,-0.6,-5.8,-0.1,,millele01
445,Leonard Miller,22,CHI,SF,2,0,9,27.0,1.025,.000,.500,0.0,35.5,17.9,0.0,5.3,0.0,0.0,11.4,0.0,0.0,0.1,.312,1.9,5.5,7.4,0.0,,millele01
446,Luke Travers,24,CLE,SG,12,0,103,10.2,.350,.444,.250,9.4,15.9,12.7,10.7,3.2,3.6,7.0,17.3,-0.1,0.2,0.1,.027,-4.2,1.0,-3.2,0.0,,travelu01
447,Miles Kelly,23,DAL,PG,12,0,102,8.7,.515,.788,.000,4.3,15.1,9.8,10.6,1.4,0.0,10.8,15.2,0.0,0.1,0.1,.041,-5.0,-0.6,-5.6,-0.1,,kellymi02
448,Adou Thiero,21,LAL,SF,17,0,98,9.4,.522,.050,.450,8.7,12.8,10.8,6.6,2.5,1.9,14.3,12.4,0.0,0.1,0.1,.066,-4.8,-0.1,-4.9,-0.1,,thierad01
449,Alijah Martin,24,TOR,SG,13,0,97,11.3,.456,.375,.375,6.8,9.3,8.1,10.9,3.0,3.0,7.4,17.7,0.0,0.1,0.1,.070,-3.4,1.4,-2.1,0.0,,martial01
450,Chris Boucher,33,BOS,PF,9,0,94,7.8,.392,.600,.160,2.4,18.6,10.5,4.0,2.7,7.5,3.6,12.8,-0.1,0.2,0.1,.058,-5.9,2.5,-3.3,0.0,,bouchch01
451,Johnny Juzang,24,MIN,SG,21,0,88,12.2,.518,.632,.211,6.3,14.7,10.6,9.6,1.1,1.0,10.7,22.2,0.0,0.1,0.1,.042,-1.6,-1.7,-3.3,0.0,,juzanjo01
452,Javonte Cooke,26,POR,SG,16,0,83,1.6,.321,.543,.057,3.8,15.9,9.8,11.3,3.4,0.0,20.1,21.8,-0.4,0.1,-0.3,-0.154,-9.7,-0.2,-9.8,-0.2,,cookeja01
453,Jeff Green,39,HOU,PF,18,0,82,14.2,.632,.719,.031,1.3,12.1,6.7,5.3,0.6,1.1,3.0,17.1,0.2,0.1,0.3,.154,2.0,-1.5,0.5,0.1,,greenje02
454,Obi Toppin,27,IND,PF,3,0,82,11.9,.526,.472,.250,3.8,23.0,13.1,9.4,1.7,0.0,13.1,23.7,-0.1,0.1,0.0,.008,-2.4,-0.4,-2.8,0.0,,toppiob01
455,Scoot Henderson,21,POR,PG,4,0,80,17.1,.716,.655,.793,1.3,15.1,8.1,41.4,1.8,0.0,31.5,28.8,0.1,0.1,0.2,.105,-0.4,-1.5,-1.8,0.0,,hendesc01
456,Bismack Biyombo,33,SAS,C,14,1,78,3.3,.571,.000,.286,5.6,10.8,8.3,4.6,1.8,1.1,38.8,7.0,-0.1,0.1,0.0,.029,-6.9,0.9,-6.1,-0.1,,biyombi01
457,Joe Ingles,38,MIN,SF,19,0,76,8.1,.563,.750,.250,0.0,10.0,5.1,23.1,4.4,0.0,44.1,8.8,0.0,0.1,0.1,.059,-4.1,3.7,-0.4,0.0,,inglejo01
458,Yuki Kawamura,24,CHI,PG,4,0,76,15.6,.509,.765,.353,4.3,18.2,11.3,35.4,3.1,0.0,16.9,13.1,0.1,0.1,0.2,.140,-1.2,0.5,-0.7,0.0,,kawamyu01
459,Eric Gordon,37,PHI,SG,6,0,74,14.5,.754,.667,.095,1.5,1.5,1.5,5.9,2.6,1.2,12.1,14.3,0.1,0.1,0.2,.116,2.1,0.1,2.2,0.1,,gordoer01
460,Kobe Bufkin,22,LAL,SG,6,1,71,4.0,.400,.545,.182,1.7,9.6,5.8,5.4,1.4,4.0,14.4,17.0,-0.2,0.1,-0.1,-0.076,-6.1,-2.7,-8.8,-0.1,,bufkiko01
461,Tolu Smith,25,DET,PF,6,0,70,19.3,.559,.000,1.000,19.3,29.7,24.6,11.0,1.4,7.1,16.2,18.3,0.1,0.2,0.3,.193,0.1,2.4,2.5,0.1,,smithto05
462,Pacome Dadiet,20,NYK,SG,20,0,68,10.6,.416,.615,.462,3.2,19.7,11.3,15.7,2.2,0.0,0.0,9.7,0.1,0.1,0.2,.121,-1.9,2.8,0.9,0.0,,dadiepa01
463,David Jones García,24,SAS,SF,11,0,68,21.1,.579,.200,.240,6.4,14.0,10.3,38.1,4.2,1.3,15.3,20.2,0.1,0.1,0.3,.201,2.6,3.6,6.2,0.1,,jonesda06
464,Elijah Harkless,25,UTA,SG,7,0,66,7.5,.568,.636,.818,3.3,6.6,4.9,9.3,2.9,0.0,16.7,11.2,0.0,0.0,0.0,.036,-4.7,1.6,-3.1,0.0,,harklej01
465,Monte Morris,30,IND,PG,6,0,65,7.0,.414,.400,.200,1.6,10.2,5.8,19.1,0.7,1.3,8.4,15.5,-0.1,0.0,0.0,-0.019,-4.5,-1.4,-5.9,-0.1,,morrimo01
466,Bobi Klintman,22,DET,SF,9,0,64,2.2,.336,.500,.125,8.8,20.5,14.7,8.0,2.3,0.0,16.5,19.6,-0.2,0.1,-0.1,-0.074,-9.7,-1.4,-11.1,-0.1,,klintbo01
467,Drew Peterson,26,CHO,PF,6,0,64,0.6,.148,.750,.125,5.4,10.3,7.9,3.8,2.3,1.4,0.0,11.1,-0.2,0.1,-0.1,-0.086,-8.4,-1.7,-10.1,-0.1,,peterdr01
468,Kyle Lowry,39,PHI,PG,7,0,63,7.4,.510,1.000,.400,0.0,7.2,3.5,15.9,1.5,1.5,14.5,9.3,0.0,0.0,0.1,.052,-3.9,-1.2,-5.0,0.0,,lowryky01
469,Scotty Pippen Jr.,25,MEM,PG,3,1,60,17.3,.601,.292,.250,1.8,3.6,2.7,32.7,4.7,3.1,15.8,21.9,0.1,0.1,0.2,.144,-1.6,2.2,0.6,0.0,,pippesc02
470,James Wiseman,24,IND,C,4,1,58,4.2,.597,.000,.200,9.0,5.7,7.4,7.1,0.0,1.5,31.5,11.6,0.0,0.0,0.0,-0.021,-7.9,-0.9,-8.9,-0.1,,wisemja01
471,Thanasis Antetokounmpo,33,MIL,SF,19,0,57,17.1,.554,.067,.733,14.0,11.7,12.8,4.9,5.2,5.2,13.1,17.7,0.0,0.1,0.2,.128,-2.8,2.2,-0.5,0.0,,antetth01
472,Trey Jemison,26,NYK,C,10,0,57,7.0,.605,.000,.143,13.3,15.6,14.4,4.3,0.9,3.5,40.2,9.2,0.0,0.1,0.0,.036,-6.5,-0.5,-7.0,-0.1,,jemistr01
473,Antonio Reeves,25,CHO,SG,7,0,56,11.5,.656,.625,.000,2.1,7.9,5.0,5.1,0.9,0.0,0.0,12.0,0.1,0.0,0.1,.121,-0.1,0.4,0.3,0.0,,reevean01
474,Johni Broome,23,PHI,C,11,0,55,0.4,.188,.208,.250,13.8,18.5,16.1,9.4,2.7,3.4,10.1,22.9,-0.3,0.1,-0.2,-0.210,-11.9,-4.5,-16.3,-0.2,,broomjo01
475,Cody Martin,30,IND,SF,4,0,55,3.0,.277,.500,.600,1.9,26.2,13.7,4.6,3.5,3.1,24.0,12.8,-0.2,0.1,-0.1,-0.095,-10.0,2.2,-7.8,-0.1,,martico01
476,Wendell Moore Jr.,24,DET,SG,5,0,54,10.0,.635,.143,.286,2.1,10.1,6.2,6.8,1.8,3.7,11.3,6.8,0.1,0.1,0.1,.120,-2.4,2.0,-0.5,0.0,,moorewe01
477,Caleb Houstan,23,ATL,SF,10,0,49,11.5,.705,.800,.200,8.7,2.2,5.5,5.4,1.0,1.8,19.7,17.3,0.0,0.0,0.1,.066,-1.0,-2.8,-3.7,0.0,,houstca01
478,E.J. Liddell,25,BRK,PF,10,0,49,13.8,.600,.647,.176,6.8,19.9,13.0,0.0,1.0,0.0,0.0,16.3,0.1,0.0,0.1,.104,0.8,-2.8,-2.0,0.0,,liddeej01
479,Matisse Thybulle,28,POR,SG,4,0,49,21.6,.850,.600,.400,0.0,9.0,4.4,8.4,9.7,0.0,7.8,10.5,0.2,0.1,0.3,.281,0.5,10.7,11.1,0.2,,thybuma01
480,Keshon Gilbert,22,WAS,,3,0,48,4.5,.521,.500,1.000,4.4,6.7,5.5,7.5,2.0,7.3,51.0,10.2,-0.1,0.0,-0.1,-0.085,-6.5,-0.4,-6.9,-0.1,,gilbeke01
481,Mac McClung,27,2TM,SG,4,0,47,8.5,.430,.480,.160,0.0,11.7,5.7,6.3,5.1,3.7,10.1,26.8,-0.2,0.1,-0.1,-0.081,-8.3,3.0,-5.3,0.0,,mccluma01
481,Mac McClung,27,IND,SG,3,0,34,13.1,.481,.556,.222,0.0,13.1,6.3,4.7,7.0,2.5,9.2,27.1,-0.1,0.1,0.0,-0.003,-5.6,6.3,0.6,0.0,,mccluma01
481,Mac McClung,27,CHI,SG,1,0,13,-3.2,.286,.286,.000,0.0,8.2,4.1,10.5,0.0,6.7,12.5,25.9,-0.1,0.0,-0.1,-0.284,-15.3,-5.4,-20.7,-0.1,,mccluma01
482,Jahmir Young,25,MIA,PG,8,0,44,7.4,.437,.368,.053,4.6,4.7,4.6,18.4,1.0,0.0,9.3,19.7,0.0,0.0,0.0,-0.004,-5.8,-1.6,-7.5,-0.1,,youngja05
483,Isaiah Stevens,25,SAC,PG,3,0,43,16.6,.571,.143,.571,5.1,2.7,3.9,29.9,5.6,0.0,18.6,10.7,0.1,0.0,0.1,.134,-1.5,3.1,1.6,0.0,,steveis01
484,Trey Alexander,22,NOP,SG,5,0,42,13.6,.778,.333,.000,0.0,10.5,5.1,16.4,1.1,2.3,10.0,10.0,0.1,0.0,0.1,.129,0.4,0.3,0.6,0.0,,alexatr01
485,Dario Šarić,31,SAC,C,5,0,41,0.7,.363,.500,.333,2.7,14.1,8.2,5.9,0.0,0.0,22.5,9.2,-0.1,0.0,-0.1,-0.080,-6.8,-2.2,-9.0,-0.1,,saricda01
486,TyTy Washington Jr.,24,LAC,PG,5,0,40,24.4,.708,.500,.000,3.0,2.8,2.9,35.1,5.0,4.8,7.7,14.5,0.2,0.1,0.2,.272,6.8,5.2,12.0,0.1,,washity02
487,Skal Labissière,29,WAS,PF,3,0,38,16.4,.650,.500,.000,8.3,16.9,12.5,11.3,2.5,2.3,9.1,12.1,0.1,0.0,0.1,.125,-0.3,0.3,0.0,0.0,,labissk01
488,Garrett Temple,39,TOR,SG,13,0,36,2.1,.254,.714,.286,0.0,12.6,6.2,13.1,4.1,2.7,27.6,12.9,-0.1,0.1,-0.1,-0.085,-9.1,2.2,-6.9,0.0,,templga01
489,MarJon Beauchamp,25,PHI,SF,2,0,36,18.3,.571,.500,.286,3.0,18.8,10.8,20.4,4.1,2.6,16.0,22.1,0.0,0.1,0.1,.108,2.6,0.5,3.2,0.0,,beaucma01
490,Charles Bassey,25,2TM,C,3,0,36,13.9,.436,.000,.333,20.9,23.7,22.3,7.2,1.3,5.2,8.8,13.1,0.0,0.1,0.1,.097,-2.2,-0.5,-2.7,0.0,,bassech01
490,Charles Bassey,25,MEM,C,2,0,31,12.7,.376,.000,.375,24.3,27.6,25.9,8.4,1.5,3.0,9.7,13.8,0.0,0.0,0.1,.082,-3.0,-1.3,-4.3,0.0,,bassech01
490,Charles Bassey,25,PHI,C,1,0,5,21.4,1.000,.000,.000,0.0,0.0,0.0,0.0,0.0,18.5,0.0,8.5,0.0,0.0,0.0,.192,2.7,4.2,6.9,0.0,,bassech01
491,Tyson Etienne,26,BRK,PG,8,0,34,-1.2,.400,.867,.000,0.0,0.0,0.0,4.4,0.0,0.0,6.3,20.5,-0.1,0.0,-0.1,-0.133,-8.8,-5.7,-14.5,-0.1,,etienty01
492,Emanuel Miller,25,CHI,PF,5,0,33,15.2,.540,.462,.154,3.3,6.5,4.9,17.3,2.9,0.0,0.0,17.7,0.1,0.0,0.1,.111,1.7,0.8,2.6,0.0,,milleem01
493,Jahmyl Telfort,24,LAC,PF,8,0,32,-5.4,.087,1.000,1.000,0.0,10.6,5.5,3.8,1.6,0.0,14.8,9.4,-0.1,0.0,-0.1,-0.167,-12.2,-1.8,-14.0,-0.1,,telfoja01
494,Seth Curry,35,GSW,SG,2,0,32,18.7,.778,.444,.000,3.4,10.5,6.9,14.2,3.0,0.0,0.0,11.9,0.1,0.0,0.1,.225,1.4,3.8,5.3,0.1,,curryse01
495,Curtis Jones,24,DEN,SG,6,0,31,1.4,.321,.643,.000,3.9,13.9,9.2,12.8,0.0,0.0,6.7,21.2,-0.1,0.0,-0.1,-0.141,-9.7,-5.9,-15.6,-0.1,,jonescu01
496,Oscar Tshiebwe,26,UTA,C,3,0,30,13.3,.466,.000,.167,18.0,14.6,16.3,21.6,1.6,0.0,13.4,10.2,0.0,0.0,0.1,.087,0.6,-0.4,0.2,0.0,,tshieos01
497,Isaiah Crawford,24,HOU,SF,5,0,28,14.8,.583,.667,.000,0.0,7.8,3.9,9.3,3.6,6.6,0.0,9.0,0.0,0.1,0.1,.161,0.8,3.9,4.7,0.0,,crawfis01
498,Hunter Sallis,22,PHI,SG,7,0,26,2.0,.595,.000,.400,0.0,4.3,2.1,21.0,0.0,3.6,46.0,17.7,-0.1,0.0,-0.1,-0.149,-7.7,-3.1,-10.8,-0.1,,sallihu01
499,Mark Sears,23,MIL,PG,7,0,26,15.3,.666,.615,.615,4.4,4.3,4.3,12.3,0.0,0.0,19.5,34.9,0.0,0.0,0.0,.023,2.4,-4.5,-2.1,0.0,,searsma01
500,Orlando Robinson,25,ORL,C,4,1,25,14.7,.700,.400,.000,8.7,9.1,8.9,16.5,1.9,0.0,0.0,8.4,0.1,0.0,0.1,.192,0.5,0.5,1.0,0.0,,robinor01
501,Blake Hinson,26,UTA,SF,1,0,25,8.3,.786,.857,.000,0.0,4.4,2.2,5.6,0.0,0.0,12.5,13.2,0.0,0.0,0.0,.037,-2.4,-4.6,-7.0,0.0,,hinsobl01
502,DeAndre Jordan,37,NOP,C,2,1,23,18.3,.765,.000,.400,18.4,28.8,23.5,0.0,0.0,0.0,14.5,12.5,0.1,0.0,0.1,.146,2.0,-2.7,-0.7,0.0,,jordade01
503,Malevy Leons,26,GSW,SF,5,0,21,10.9,.436,.333,.333,10.4,37.2,23.7,6.3,2.3,4.3,22.5,17.9,0.0,0.0,0.0,.012,-4.8,1.2,-3.5,0.0,,leonsma01
504,Chris Mañon,24,LAL,SG,5,0,21,12.9,.532,1.000,2.000,5.8,16.3,11.2,5.5,6.9,8.9,34.7,6.0,0.0,0.1,0.1,.128,-3.5,7.0,3.5,0.0,,manonch01
505,Dillon Jones,24,NYK,SF,4,0,21,18.0,.518,.600,.800,10.3,15.9,13.1,17.0,4.7,0.0,0.0,13.6,0.1,0.0,0.1,.256,-0.5,4.2,3.6,0.0,,jonesdi01
506,Brandon Clarke,29,MEM,PF,2,2,20,12.3,.372,.000,.444,21.5,10.7,16.1,7.0,4.7,0.0,0.0,22.3,0.0,0.0,0.0,.057,-4.7,0.1,-4.5,0.0,,clarkbr01
507,Lawson Lovering,22,MEM,C,1,0,18,8.4,.521,.000,1.000,11.9,11.9,11.9,0.0,5.3,0.0,25.8,8.9,0.0,0.0,0.0,.064,-6.9,-0.1,-7.1,0.0,,loverla01
508,Isaac Jones,25,2TM,PF,4,1,18,7.3,.512,.500,.500,12.1,0.0,6.2,7.0,0.0,0.0,0.0,11.4,0.0,0.0,0.0,.070,-6.2,-2.3,-8.4,0.0,,jonesis01
508,Isaac Jones,25,SAC,PF,3,1,17,5.7,.521,.500,1.000,12.8,0.0,6.6,7.5,0.0,0.0,0.0,7.2,0.0,0.0,0.0,.061,-6.4,-1.8,-8.2,0.0,,jonesis01
508,Isaac Jones,25,DET,PF,1,0,1,34.3,.500,.500,.000,0.0,0.0,0.0,0.0,0.0,0.0,0.0,82.7,0.0,0.0,0.0,.220,-2.5,-9.8,-12.4,0.0,,jonesis01
509,Jacob Toppin,25,ATL,SF,5,0,17,15.1,.667,.000,.000,0.0,6.4,3.2,8.9,0.0,5.3,0.0,14.8,0.0,0.0,0.0,.113,-0.3,0.3,0.0,0.0,,toppija01
510,Chris Livingston,22,CLE,SF,3,0,17,15.3,.605,.429,.143,0.0,19.3,9.6,8.8,2.8,0.0,0.0,18.1,0.0,0.0,0.1,.167,-4.8,2.0,-2.7,0.0,,livinch01
511,Koby Brea,23,PHO,SG,3,0,16,24.5,.850,.800,.400,0.0,14.2,6.9,18.6,0.0,0.0,0.0,15.5,0.1,0.0,0.1,.327,7.6,-1.2,6.4,0.0,,breako01
512,N'Faly Dante,24,ATL,C,4,0,15,12.4,.338,.000,.250,21.4,29.2,25.2,0.0,6.3,0.0,18.4,15.2,0.0,0.0,0.0,.039,-3.9,-1.1,-5.0,0.0,,nfalyda01
513,Tristan Enaruna,24,CLE,SF,3,0,15,22.9,.500,.167,.000,36.0,7.3,21.8,18.9,0.0,0.0,0.0,16.6,0.1,0.0,0.1,.227,5.2,-4.4,0.8,0.0,,enarutr01
514,Patrick Baldwin Jr.,23,2TM,SF,3,0,14,21.3,1.025,.750,.500,0.0,16.1,8.1,0.0,0.0,0.0,17.0,18.7,0.1,0.0,0.1,.190,3.7,-0.8,2.9,0.0,,baldwpa01
514,Patrick Baldwin Jr.,23,LAC,SF,2,0,12,23.8,1.025,.750,.500,0.0,9.4,4.9,0.0,0.0,0.0,17.0,21.8,0.1,0.0,0.1,.208,5.1,-0.4,4.7,0.0,,baldwpa01
514,Patrick Baldwin Jr.,23,PHI,SF,1,0,2,6.4,,,,0.0,56.4,27.6,0.0,0.0,0.0,,0.0,0.0,0.0,0.0,.085,-5.1,-2.9,-7.9,0.0,,baldwpa01
515,Harrison Ingram,23,SAS,SF,4,0,13,22.6,.875,.250,.000,25.3,0.0,12.4,0.0,0.0,0.0,0.0,13.0,0.1,0.0,0.1,.284,8.0,-1.6,6.4,0.0,,ingraha01
516,Chucky Hepburn,22,TOR,PG,2,0,13,-13.5,.000,.833,.000,0.0,8.7,4.3,17.6,3.8,0.0,14.3,23.0,-0.1,0.0,-0.1,-0.439,-20.9,-3.2,-24.1,-0.1,,hepbuch01
517,Buddy Boeheim,26,OKC,SF,2,0,12,7.1,.500,1.000,.000,0.0,0.0,0.0,0.0,0.0,0.0,0.0,21.7,0.0,0.0,0.0,.000,-1.6,-5.8,-7.4,0.0,,boehebu01
518,Nikola Topić,20,OKC,PG,1,0,12,-8.7,.333,.667,.000,0.0,8.7,4.5,10.3,0.0,0.0,50.0,21.7,-0.1,0.0,-0.1,-0.353,-16.3,-6.2,-22.4,-0.1,,topicni01
519,Dalano Banton,26,LAC,PG,2,0,10,28.0,.750,.000,.000,12.1,0.0,5.8,38.7,5.0,0.0,20.0,22.3,0.0,0.0,0.0,.225,7.3,5.2,12.4,0.0,,bantoda01
520,Tosan Evbuomwan,24,NYK,SF,5,0,8,-0.3,.000,.000,.000,13.5,13.9,13.7,0.0,0.0,0.0,0.0,5.3,0.0,0.0,0.0,-0.027,-8.5,-3.1,-11.6,0.0,,evbuoto01
521,LJ Cryer,24,GSW,PG,3,0,8,14.1,.600,.800,.000,0.0,13.9,6.9,0.0,0.0,0.0,0.0,26.5,0.0,0.0,0.0,.059,-0.3,-2.1,-2.4,0.0,,cryerlj01
522,Riley Minix,25,SAS,SF,3,0,8,45.1,.750,.500,.000,13.7,13.2,13.4,32.4,6.0,0.0,0.0,31.6,0.1,0.0,0.1,.424,17.9,7.3,25.2,0.1,,minixri01
523,Enrique Freeman,25,MIN,PF,2,0,8,9.1,,,,0.0,40.5,20.6,0.0,0.0,11.1,,0.0,0.0,0.0,0.0,.109,-1.1,3.7,2.6,0.0,,freemen01
524,Vladislav Goldin,24,MIA,C,2,0,8,23.9,1.000,.000,.000,0.0,12.9,6.4,38.4,0.0,11.2,0.0,10.1,0.0,0.0,0.1,.369,-0.3,11.7,11.4,0.0,,goldivl01
525,Colby Jones,23,DET,SG,1,0,7,13.1,.333,.667,.000,0.0,62.6,31.7,38.2,0.0,0.0,0.0,17.7,0.0,0.0,0.0,.126,-3.2,5.6,2.4,0.0,,jonesco02
526,Mo Bamba,27,TOR,C,2,0,6,-2.8,.000,.000,.000,18.4,18.9,18.6,0.0,0.0,16.3,0.0,14.2,0.0,0.0,0.0,-0.160,-19.0,-2.8,-21.8,0.0,,bambamo01
527,Noa Essengue,19,CHI,PF,2,0,6,-12.1,.000,.667,.000,0.0,0.0,0.0,0.0,7.9,0.0,0.0,21.1,-0.1,0.0,-0.1,-0.423,-20.6,-3.2,-23.8,0.0,,essenno01
528,Trentyn Flowers,20,CHI,SF,2,0,6,16.8,.667,.333,.000,18.1,0.0,9.0,30.3,0.0,0.0,25.0,28.1,0.0,0.0,0.0,.023,1.9,-2.9,-0.9,0.0,,flowetr01
529,Kadary Richmond,24,WAS,SG,1,0,6,56.8,1.250,.500,.000,17.4,17.8,17.6,31.8,7.9,14.7,0.0,13.9,0.1,0.0,0.1,.607,24.9,14.5,39.4,0.1,,richmka01
530,Hunter Dickinson,25,NOP,C,1,0,5,-11.0,.500,.000,.000,0.0,0.0,0.0,0.0,0.0,19.3,50.0,33.5,-0.1,0.0,-0.1,-0.525,-26.9,0.8,-26.1,0.0,,dickihu01
531,Max Shulga,23,BOS,SG,1,0,2,-18.6,.000,.000,.000,0.0,0.0,0.0,0.0,0.0,0.0,0.0,21.6,0.0,0.0,0.0,-0.490,-23.9,-10.6,-34.5,0.0,,shulgma01
532,Stanley Umude,26,SAS,SG,1,0,2,-7.3,,,,0.0,0.0,0.0,0.0,0.0,0.0,,0.0,0.0,0.0,0.0,.026,-14.2,1.1,-13.1,0.0,,umudest01
,League Average,,,,,,,,.580,.415,.266,5.2,14.8,10.0,16.2,1.7,1.9,12.2,19.9,,,,,,,,,,-9999