Rk,Player,Age,Team,Pos,G,GS,MP,FG,FGA,FG%,3P,3PA,3P%,2P,2PA,2P%,eFG%,FT,FTA,FT%,ORB,DRB,TRB,AST,STL,BLK,TOV,PF,PTS,Awards,Player-additional
1,Luka Dončić,26,LAL,PG,42,42,35.5,10.4,22.0,.473,3.5,10.3,.345,6.9,11.7,.587,.554,8.5,10.9,.781,0.8,7.1,7.8,8.6,1.5,0.5,4.3,2.4,32.8,,doncilu01
2,Shai Gilgeous-Alexander,27,OKC,PG,49,49,33.3,10.9,19.7,.554,1.8,4.6,.390,9.1,15.1,.603,.599,8.2,9.2,.892,0.6,3.9,4.4,6.4,1.3,0.8,2.1,2.1,31.8,,gilgesh01
3,Jaylen Brown,29,BOS,SF,49,49,34.2,10.9,22.6,.483,2.1,6.0,.348,8.8,16.6,.532,.529,5.4,7.0,.775,1.2,5.7,6.9,4.7,1.0,0.4,3.6,2.8,29.3,,brownja02
4,Anthony Edwards,24,MIN,SG,46,46,35.5,10.1,20.4,.493,3.4,8.4,.402,6.7,12.0,.556,.575,5.8,7.3,.795,0.7,4.5,5.2,3.7,1.3,0.8,2.7,1.8,29.3,,edwaran01
5,Donovan Mitchell,29,CLE,SG,51,51,33.7,10.1,20.8,.487,3.6,9.6,.376,6.5,11.1,.583,.574,5.1,6.0,.853,0.8,3.7,4.5,5.9,1.5,0.3,3.1,2.5,29.0,,mitchdo01
6,Tyrese Maxey,25,PHI,PG,52,52,38.6,10.1,21.5,.469,3.3,8.8,.379,6.7,12.7,.532,.547,5.4,6.1,.889,0.3,3.8,4.1,6.8,2.0,0.8,2.4,2.3,28.9,,maxeyty01
7,Nikola Jokić,30,DEN,C,39,39,34.3,10.1,17.1,.590,1.9,4.6,.420,8.1,12.4,.654,.647,6.6,7.8,.840,3.1,9.2,12.3,10.7,1.4,0.8,3.7,2.7,28.7,,jokicni01
8,Giannis Antetokounmpo,31,MIL,PF,30,30,29.2,10.5,16.2,.645,0.5,1.3,.395,10.0,15.0,.666,.660,6.5,9.9,.658,2.8,7.2,10.0,5.6,0.9,0.7,3.3,2.6,28.0,,antetgi01
9,Kawhi Leonard,34,LAC,SF,41,41,32.8,9.7,19.7,.491,2.7,7.0,.383,7.0,12.7,.551,.559,5.8,6.4,.912,1.1,5.4,6.4,3.7,2.1,0.5,2.1,1.3,27.9,,leonaka01
10,Stephen Curry,37,GSW,PG,39,39,31.3,8.9,19.1,.468,4.5,11.5,.391,4.4,7.6,.584,.585,4.9,5.2,.931,0.4,3.1,3.5,4.8,1.1,0.4,2.8,1.9,27.2,,curryst01
11,Jalen Brunson,29,NYK,PG,50,50,34.6,9.6,20.5,.470,2.9,7.8,.374,6.7,12.7,.528,.541,4.9,5.7,.847,0.5,2.8,3.3,6.1,0.7,0.1,2.2,2.3,27.0,,brunsja01
12,Lauri Markkanen,28,UTA,PF,41,41,34.4,9.1,19.1,.478,2.8,7.7,.363,6.3,11.4,.556,.551,5.7,6.3,.892,2.0,5.0,7.0,2.1,1.0,0.5,1.5,1.9,26.7,,markkla01
13,Joel Embiid,31,PHI,C,31,31,31.4,9.0,18.2,.494,1.3,3.9,.320,7.7,14.2,.542,.528,7.4,8.6,.858,2.1,5.4,7.5,3.9,0.6,1.1,3.0,2.2,26.6,,embiijo01
14,Kevin Durant,37,HOU,SF,50,50,36.7,9.0,17.9,.506,2.3,5.8,.403,6.7,12.1,.554,.570,5.4,6.2,.880,0.5,4.8,5.3,4.4,0.8,0.9,3.2,2.0,25.8,,duranke01
15,Jamal Murray,28,DEN,PG,50,50,35.6,9.1,18.7,.485,3.2,7.4,.425,5.9,11.3,.524,.569,4.4,5.0,.887,0.4,4.0,4.4,7.6,1.0,0.4,2.3,1.6,25.7,,murraja01
16,Austin Reaves,27,LAL,SG,28,22,33.5,7.9,15.5,.508,2.5,6.9,.363,5.4,8.6,.625,.589,7.2,8.3,.867,0.7,4.4,5.0,6.0,1.0,0.2,3.4,2.2,25.4,,reaveau01
17,Cade Cunningham,24,DET,PG,47,47,34.9,8.9,19.2,.462,1.9,5.8,.330,6.9,13.4,.519,.512,5.7,7.1,.808,1.0,4.7,5.6,9.6,1.5,0.8,3.7,3.2,25.3,,cunnica01
18,Deni Avdija,25,POR,SF,46,46,34.3,7.7,16.6,.463,2.2,6.4,.346,5.5,10.2,.536,.529,7.6,9.4,.802,1.2,6.0,7.2,6.6,0.8,0.6,3.9,2.7,25.2,,avdijde01
19,Devin Booker,29,PHO,SG,43,43,33.9,8.3,18.2,.455,1.7,5.5,.311,6.6,12.7,.518,.503,6.9,8.0,.863,0.8,3.2,4.0,6.3,0.9,0.3,3.3,2.7,25.2,,bookede01
20,James Harden,36,2TM,PG,47,47,35.2,7.2,17.1,.420,3.0,8.7,.350,4.1,8.4,.492,.509,7.6,8.4,.902,0.6,4.2,4.9,8.2,1.2,0.4,3.7,1.9,25.0,,hardeja01
20,James Harden,36,LAC,PG,44,44,35.4,7.3,17.5,.419,3.1,8.8,.347,4.3,8.7,.492,.506,7.7,8.5,.901,0.6,4.2,4.8,8.1,1.3,0.4,3.7,1.9,25.4,,hardeja01
20,James Harden,36,CLE,PG,3,3,32.3,5.0,11.0,.455,2.7,6.3,.421,2.3,4.7,.500,.576,6.7,7.3,.909,1.0,4.3,5.3,8.7,0.3,1.3,3.7,2.3,19.3,,hardeja01
21,Michael Porter Jr.,27,BRK,SF,41,41,33.0,8.8,18.6,.474,3.7,9.5,.385,5.2,9.1,.568,.573,3.7,4.3,.853,1.3,5.9,7.2,3.2,1.0,0.2,2.5,2.2,25.0,,portemi01
22,Victor Wembanyama,22,SAS,C,40,31,29.0,8.4,16.4,.511,1.8,5.0,.363,6.5,11.3,.576,.567,5.9,7.3,.810,2.0,9.1,11.1,2.8,1.0,2.7,2.6,2.7,24.4,,wembavi01
23,Keyonte George,22,UTA,PG,48,48,33.9,7.5,16.3,.458,2.5,6.7,.375,5.0,9.6,.515,.535,6.4,7.1,.894,0.5,3.4,3.9,6.5,1.1,0.3,3.3,2.3,23.8,,georgke01
24,Pascal Siakam,31,IND,PF,51,51,33.8,8.9,18.6,.480,1.8,4.9,.369,7.1,13.6,.521,.530,4.1,6.0,.680,1.5,5.2,6.7,3.9,1.1,0.5,2.2,2.4,23.7,,siakapa01
25,Jalen Johnson,24,ATL,SF,50,50,35.7,8.6,17.2,.502,1.7,4.7,.353,7.0,12.5,.558,.550,4.3,5.6,.778,1.6,9.1,10.6,8.2,1.3,0.5,3.4,2.1,23.3,,johnsja05
26,Norman Powell,32,MIA,SG,45,45,30.6,7.7,16.2,.474,2.9,7.3,.396,4.8,8.9,.538,.563,4.8,5.6,.843,0.4,3.3,3.6,2.6,1.2,0.2,2.0,2.2,23.0,,powelno01
27,Julius Randle,31,MIN,PF,56,56,33.6,7.8,15.9,.492,1.6,4.8,.325,6.3,11.1,.563,.540,5.1,6.3,.823,1.7,5.3,7.0,5.4,1.1,0.3,2.6,2.8,22.3,,randlju01
28,Trey Murphy III,25,NOP,SF,52,52,35.6,7.8,16.3,.476,3.2,8.6,.378,4.5,7.8,.586,.575,3.3,3.7,.892,1.1,4.7,5.7,3.8,1.5,0.3,1.8,2.1,22.1,,murphtr02
29,LeBron James,41,LAL,SF,36,36,33.3,8.2,16.3,.502,1.4,4.6,.305,6.8,11.7,.580,.545,4.2,5.6,.746,0.7,5.1,5.8,7.1,1.1,0.6,3.1,1.4,22.0,,jamesle01
30,Tyler Herro,26,MIA,SG,11,10,31.7,8.2,16.5,.497,2.2,6.1,.358,6.0,10.4,.579,.564,3.4,3.7,.902,0.5,4.2,4.7,2.7,1.0,0.5,1.5,2.0,21.9,,herroty01
31,Brandon Ingram,28,TOR,SF,53,53,34.0,8.1,17.1,.474,1.8,5.0,.365,6.3,12.2,.518,.526,3.8,4.5,.837,0.8,4.9,5.7,3.7,0.8,0.8,2.5,1.9,21.8,,ingrabr01
32,Zion Williamson,25,NOP,PF,40,33,29.7,8.0,13.7,.584,0.0,0.1,.000,8.0,13.6,.587,.584,5.6,7.9,.711,2.3,3.9,6.1,3.5,1.0,0.6,2.3,2.4,21.6,,willizi01
33,Shaedon Sharpe,22,POR,SG,48,42,30.0,8.0,17.6,.456,2.1,6.2,.340,5.9,11.5,.518,.515,3.2,4.0,.784,1.0,3.4,4.4,2.6,1.4,0.1,3.0,2.0,21.4,,sharpsh01
34,Paolo Banchero,23,ORL,PF,43,43,34.5,7.1,15.6,.454,1.1,3.8,.302,5.9,11.8,.502,.490,6.0,7.9,.762,1.1,7.3,8.4,4.8,0.7,0.6,2.7,1.9,21.3,,banchpa01
35,Franz Wagner,24,ORL,SF,28,26,31.8,7.3,15.3,.479,1.5,4.1,.365,5.8,11.2,.521,.528,5.1,6.2,.828,1.5,4.3,5.8,3.6,1.1,0.3,1.7,2.3,21.3,,wagnefr01
36,Dillon Brooks,30,PHO,SF,49,49,31.1,7.8,17.6,.441,2.4,6.9,.343,5.4,10.7,.504,.508,3.3,3.8,.856,0.8,2.9,3.7,1.8,1.1,0.2,1.8,3.4,21.2,,brookdi01
37,Alperen Şengün,23,HOU,C,46,46,33.9,8.0,16.2,.497,0.6,1.9,.299,7.5,14.3,.524,.515,4.0,5.8,.691,3.2,6.2,9.4,6.3,1.3,1.0,3.2,3.3,20.7,,sengual01
38,Brandon Miller,23,CHO,SF,38,38,30.5,7.1,16.7,.425,3.0,8.1,.366,4.1,8.6,.480,.513,3.4,3.9,.891,1.1,3.7,4.7,3.3,1.1,0.9,2.7,2.8,20.6,,millebr02
39,Anthony Davis,32,DAL,PF,20,20,31.3,8.5,16.7,.506,0.5,1.9,.270,8.0,14.9,.535,.521,3.0,4.1,.728,3.1,8.0,11.1,2.8,1.1,1.7,2.1,2.1,20.4,,davisan02
40,Cooper Flagg,19,DAL,SF,49,49,34.1,7.8,16.1,.482,1.1,3.5,.302,6.7,12.6,.532,.515,3.8,4.7,.804,1.1,5.4,6.6,4.1,1.2,0.8,2.2,2.1,20.4,,flaggco01
41,Nickeil Alexander-Walker,27,ATL,SG,54,47,33.2,6.8,15.7,.433,3.0,8.1,.373,3.8,7.6,.498,.529,3.4,3.9,.885,0.6,3.0,3.6,3.7,1.2,0.6,2.0,2.2,20.1,,alexani01
42,Jimmy Butler,36,GSW,SF,38,38,31.1,6.3,12.2,.519,0.8,2.2,.376,5.5,9.9,.552,.554,6.5,7.6,.864,2.3,3.2,5.6,4.9,1.4,0.2,1.6,1.2,20.0,,butleji01
43,Karl-Anthony Towns,30,NYK,C,51,51,31.3,6.5,14.0,.466,1.6,4.5,.351,5.0,9.5,.521,.522,5.2,6.1,.854,3.0,8.9,11.9,2.9,0.9,0.6,2.5,3.5,19.8,,townska01
44,Ty Jerome,28,MEM,SG,6,6,20.2,6.3,11.8,.535,2.3,5.8,.400,4.0,6.0,.667,.634,4.7,5.5,.848,0.5,1.7,2.2,6.0,1.2,0.3,1.7,2.2,19.7,,jeromty01
45,Desmond Bane,27,ORL,SG,53,53,34.0,7.1,15.0,.472,1.9,5.2,.372,5.2,9.9,.524,.536,3.5,3.8,.930,1.2,2.9,4.2,4.2,0.9,0.5,2.2,3.1,19.6,,banede01
46,Ja Morant,26,MEM,PG,20,20,28.5,6.6,16.1,.410,1.0,4.3,.235,5.6,11.9,.473,.441,5.3,5.9,.897,0.4,2.9,3.3,8.1,1.0,0.3,3.6,2.0,19.5,,moranja01
47,Jaren Jackson Jr.,26,2TM,C,48,48,30.3,7.1,15.0,.476,1.8,4.9,.357,5.4,10.1,.533,.534,3.4,4.2,.803,0.9,4.8,5.7,2.0,1.1,1.4,2.2,3.7,19.4,,jacksja02
47,Jaren Jackson Jr.,26,MEM,C,45,45,30.7,7.1,14.9,.475,1.8,4.9,.359,5.3,10.0,.531,.534,3.3,4.2,.797,0.9,4.8,5.8,1.9,1.0,1.5,2.2,3.8,19.2,,jacksja02
47,Jaren Jackson Jr.,26,UTA,C,3,3,24.0,8.0,16.3,.490,1.7,5.0,.333,6.3,11.3,.559,.541,4.7,5.3,.875,0.3,4.0,4.3,2.7,2.0,0.3,2.3,3.0,22.3,,jacksja02
48,De'Aaron Fox,28,SAS,PG,45,45,32.0,7.2,15.0,.484,2.0,5.7,.353,5.2,9.3,.563,.550,2.9,3.7,.795,0.6,3.3,3.8,6.3,1.3,0.3,2.4,2.2,19.4,,foxde01
49,LaMelo Ball,24,CHO,PG,45,42,27.7,6.8,17.0,.401,3.4,9.5,.363,3.4,7.5,.448,.502,2.2,2.5,.885,0.8,4.0,4.8,7.4,1.1,0.2,3.0,2.6,19.3,,ballla01
50,Scottie Barnes,24,TOR,PF,54,54,34.4,7.5,14.9,.504,0.9,3.0,.301,6.6,11.9,.555,.534,3.4,4.1,.820,2.2,6.2,8.4,5.6,1.3,1.6,2.6,2.9,19.3,,barnesc01
51,Trae Young,27,ATL,PG,10,10,28.0,5.6,13.5,.415,1.8,5.9,.305,3.8,7.6,.500,.481,6.3,7.3,.863,0.0,1.5,1.5,8.9,1.0,0.1,2.6,2.0,19.3,,youngtr01
52,Zach LaVine,30,SAC,SG,39,37,31.4,6.7,14.0,.479,2.5,6.5,.390,4.2,7.5,.556,.569,3.2,3.6,.880,0.2,2.6,2.8,2.3,0.7,0.3,1.9,2.1,19.2,,lavinza01
53,Kon Knueppel,20,CHO,SF,54,53,32.1,6.5,13.4,.484,3.4,7.9,.431,3.1,5.5,.560,.611,2.6,2.8,.902,1.2,4.3,5.5,3.6,0.7,0.2,2.2,2.1,18.9,,knuepko01
54,Jerami Grant,31,POR,PF,40,21,29.1,5.8,13.2,.438,2.3,6.2,.374,3.5,7.0,.495,.526,4.9,5.9,.827,0.9,2.6,3.5,2.4,0.7,0.7,2.1,2.6,18.8,,grantje01
55,CJ McCollum,34,2TM,SG,51,37,30.1,6.9,15.3,.455,2.6,6.8,.382,4.4,8.5,.514,.540,2.3,3.0,.775,0.7,2.7,3.4,3.6,0.7,0.4,1.7,1.9,18.8,,mccolcj01
55,CJ McCollum,34,WAS,SG,35,35,30.9,6.9,15.1,.454,2.7,7.0,.393,4.1,8.1,.505,.544,2.3,2.9,.804,0.7,2.9,3.5,3.6,0.7,0.3,1.7,2.1,18.8,,mccolcj01
55,CJ McCollum,34,ATL,PG,16,2,28.4,7.1,15.6,.458,2.3,6.4,.353,4.9,9.2,.531,.530,2.2,3.1,.714,0.8,2.4,3.1,3.5,0.9,0.6,1.8,1.6,18.7,,mccolcj01
56,DeMar DeRozan,36,SAC,PF,56,56,32.4,6.6,13.4,.494,0.7,2.2,.336,5.9,11.2,.525,.521,4.8,5.5,.864,0.5,2.7,3.2,3.8,1.2,0.3,1.1,2.0,18.7,,derozde01
57,Josh Giddey,23,CHI,PG,34,31,32.1,6.4,13.8,.462,1.7,4.7,.366,4.6,9.1,.511,.524,4.1,5.2,.775,1.2,7.4,8.6,8.8,0.9,0.3,3.5,1.6,18.6,,giddejo01
58,Coby White,25,CHI,SG,29,26,29.1,5.9,13.6,.438,2.5,7.2,.346,3.4,6.4,.541,.529,4.3,5.3,.805,0.2,3.5,3.7,4.7,0.7,0.1,3.0,2.4,18.6,,whiteco01
59,RJ Barrett,25,TOR,SF,31,31,29.5,6.7,13.9,.481,1.7,5.1,.342,5.0,8.8,.562,.544,3.4,4.8,.705,0.9,4.3,5.2,3.6,0.8,0.3,1.7,2.4,18.5,,barrerj01
60,Bam Adebayo,28,MIA,C,48,48,31.4,6.5,14.7,.443,1.6,4.8,.338,4.9,9.9,.494,.498,3.8,4.9,.782,2.1,7.8,9.9,2.8,1.0,0.7,1.9,1.6,18.4,,adebaba01
61,Miles Bridges,27,CHO,PF,53,53,32.2,6.5,14.5,.449,2.1,6.5,.327,4.4,8.0,.546,.522,3.1,3.6,.845,1.0,5.1,6.1,3.5,0.5,0.5,1.5,1.8,18.2,,bridgmi02
62,Darius Garland,26,CLE,PG,26,26,30.5,6.5,14.5,.451,2.3,6.3,.360,4.3,8.2,.521,.529,2.6,3.0,.861,0.5,2.0,2.4,6.9,0.8,0.1,2.8,1.8,18.0,,garlada01
63,Evan Mobley,24,CLE,PF,42,40,33.4,6.9,13.5,.512,1.1,3.8,.304,5.8,9.8,.593,.555,2.9,4.6,.635,2.3,6.5,8.8,4.0,0.9,2.0,2.1,2.5,17.9,,mobleev01
64,Jalen Duren,22,DET,C,44,44,27.7,6.9,10.9,.631,0.0,0.0,,6.9,10.9,.631,.631,3.9,5.3,.737,3.7,6.7,10.4,1.8,0.9,0.8,1.9,2.8,17.7,,durenja01
65,Aaron Gordon,30,DEN,PF,23,20,27.9,6.0,11.9,.509,1.8,4.6,.400,4.2,7.3,.577,.586,3.7,4.7,.789,1.3,4.9,6.2,2.5,0.7,0.2,1.0,1.7,17.7,,gordoaa01
66,Amen Thompson,23,HOU,PG,52,52,37.3,6.8,13.4,.505,0.3,1.7,.205,6.4,11.8,.548,.518,3.7,4.7,.785,2.9,4.7,7.6,5.4,1.4,0.6,2.5,2.2,17.6,,thompam01
67,Jalen Williams,24,OKC,SG,26,26,29.0,6.7,14.0,.479,0.8,2.5,.313,6.0,11.6,.515,.507,3.3,3.9,.833,0.7,4.0,4.7,5.4,1.3,0.3,1.9,2.1,17.5,,willija06
68,Bennedict Mathurin,23,2TM,SF,30,24,31.6,5.4,12.7,.425,2.0,5.4,.366,3.4,7.3,.468,.503,4.6,5.2,.885,0.8,4.5,5.4,2.3,0.8,0.2,2.2,2.7,17.4,,mathube01
68,Bennedict Mathurin,23,IND,SF,28,24,31.8,5.5,12.8,.433,2.1,5.6,.372,3.5,7.2,.480,.514,4.6,5.2,.884,0.8,4.6,5.4,2.3,0.6,0.1,2.3,2.7,17.8,,mathube01
68,Bennedict Mathurin,23,LAC,SF,2,0,28.5,3.5,11.5,.304,0.5,2.5,.200,3.0,9.0,.333,.326,5.0,5.5,.909,1.5,3.5,5.0,3.5,3.0,0.5,0.5,2.5,12.5,,mathube01
69,Chet Holmgren,23,OKC,PF,49,49,29.2,6.5,11.6,.560,1.2,3.6,.349,5.2,8.0,.654,.614,3.2,4.1,.786,1.9,6.8,8.7,1.6,0.5,1.9,1.5,2.4,17.4,,holmgch01
70,Andrew Nembhard,26,IND,PG,43,43,32.1,6.1,13.8,.441,1.9,5.3,.364,4.2,8.5,.489,.511,3.3,4.0,.816,0.4,2.5,3.0,7.5,0.9,0.2,2.4,2.2,17.4,,nembhan01
71,Kevin Porter Jr.,25,MIL,PG,28,26,33.7,6.1,13.6,.448,1.4,4.4,.323,4.7,9.2,.508,.500,3.7,4.2,.873,0.9,4.4,5.2,7.6,2.2,0.4,3.2,2.1,17.3,,porteke02
72,Payton Pritchard,28,BOS,PG,53,48,32.7,6.5,14.0,.462,2.6,7.2,.356,3.9,6.8,.575,.554,1.7,2.0,.856,0.9,3.3,4.2,5.3,0.8,0.1,1.2,1.4,17.2,,pritcpa01
73,Alex Sarr,20,WAS,C,41,41,28.2,7.0,14.0,.496,1.0,2.9,.336,6.0,11.1,.537,.530,2.3,3.3,.691,2.3,5.4,7.8,2.8,0.8,2.0,1.7,2.1,17.2,,sarral01
74,Derrick White,31,BOS,SG,52,52,34.3,6.0,15.3,.389,2.9,8.8,.325,3.1,6.5,.478,.483,2.4,2.7,.894,1.0,3.4,4.4,5.6,1.2,1.4,1.8,1.6,17.2,,whitede01
75,Kristaps Porziņģis,30,ATL,C,17,12,24.3,5.6,12.4,.457,1.8,5.1,.360,3.8,7.3,.524,.531,4.0,4.8,.840,1.2,3.9,5.1,2.7,0.5,1.3,0.9,3.2,17.1,,porzikr01
76,Grayson Allen,30,PHO,SG,35,26,30.3,5.6,13.5,.418,3.3,9.1,.369,2.3,4.4,.519,.542,2.4,2.9,.842,0.7,2.3,3.0,4.0,1.4,0.3,1.7,2.3,17.0,,allengr01
77,Immanuel Quickley,26,TOR,PG,52,52,32.4,5.9,13.3,.445,2.7,7.0,.380,3.3,6.3,.518,.545,2.5,3.1,.805,0.6,3.8,4.4,6.1,1.2,0.1,1.6,2.1,17.0,,quickim01
78,Ryan Rollins,23,MIL,PG,51,46,32.0,6.5,14.0,.463,2.4,5.9,.407,4.1,8.1,.505,.549,1.5,2.0,.757,0.8,3.8,4.6,5.5,1.5,0.4,2.4,2.7,16.9,,rolliry01
79,Nikola Vučević,35,2TM,C,51,48,30.5,6.8,13.6,.504,1.7,4.5,.378,5.1,9.1,.566,.566,1.3,1.6,.825,2.2,6.9,9.0,3.7,0.7,0.7,1.5,2.1,16.7,,vucevni01
79,Nikola Vučević,35,CHI,C,48,48,30.8,6.9,13.8,.505,1.7,4.5,.376,5.2,9.2,.568,.567,1.3,1.5,.838,2.1,6.9,9.0,3.8,0.7,0.6,1.4,2.0,16.9,,vucevni01
79,Nikola Vučević,35,BOS,C,3,0,26.0,5.3,11.0,.485,1.7,4.0,.417,3.7,7.0,.524,.561,1.3,2.0,.667,3.3,6.3,9.7,2.3,1.0,1.0,2.7,2.7,13.7,,vucevni01
80,OG Anunoby,28,NYK,PF,41,41,33.0,5.8,12.2,.479,2.1,5.6,.370,3.8,6.6,.572,.564,2.8,3.5,.800,1.4,4.0,5.5,2.4,1.7,0.7,2.1,2.5,16.6,,anunoog01
81,Saddiq Bey,26,NOP,SF,49,41,30.5,5.7,12.7,.446,1.9,5.4,.348,3.8,7.3,.518,.520,3.3,3.9,.844,1.6,4.2,5.9,2.5,0.9,0.0,0.7,1.2,16.6,,beysa01
82,Stephon Castle,21,SAS,PG,44,43,30.2,5.7,12.2,.464,1.0,3.6,.288,4.6,8.6,.538,.507,4.2,5.8,.722,1.2,3.8,5.0,7.0,1.3,0.3,3.4,3.4,16.5,,castlst01
83,Onyeka Okongwu,25,ATL,C,50,39,31.9,6.0,12.4,.484,2.1,5.4,.379,3.9,7.0,.566,.567,2.2,2.8,.779,1.9,5.8,7.7,3.2,1.2,1.0,1.9,3.5,16.2,,okongon01
84,Anthony Black,22,ORL,PG,53,33,31.1,5.8,12.5,.460,1.7,4.8,.346,4.1,7.7,.532,.527,2.8,3.8,.755,0.8,3.3,4.0,4.0,1.4,0.7,2.2,2.8,16.1,,blackan01
85,Paul George,35,PHI,PF,27,27,30.5,5.6,13.1,.424,2.4,6.4,.382,3.1,6.7,.464,.517,2.4,2.8,.855,0.5,4.6,5.1,3.7,1.5,0.5,1.6,2.2,16.0,,georgpa01
86,Mikal Bridges,29,NYK,SF,55,55,34.5,6.4,12.6,.504,2.1,5.6,.386,4.2,7.1,.598,.589,1.1,1.3,.829,1.1,3.1,4.2,4.1,1.4,0.8,1.1,2.0,15.9,,bridgmi01
87,Andrew Wiggins,30,MIA,SF,50,50,31.3,6.1,13.0,.471,2.0,5.0,.395,4.1,8.0,.518,.546,1.8,2.3,.767,1.8,3.2,5.0,2.8,1.2,1.0,1.7,2.2,15.9,,wiggian01
88,Domantas Sabonis,29,SAC,C,19,15,29.7,6.3,11.6,.543,0.3,1.4,.185,6.1,10.2,.593,.554,2.9,4.1,.727,3.4,8.0,11.4,4.1,0.9,0.2,2.7,3.5,15.8,,sabondo01
89,Cam Thomas,24,2TM,SG,27,8,23.7,5.2,12.8,.408,1.6,4.8,.331,3.6,8.0,.454,.470,3.7,4.3,.855,0.3,1.5,1.8,2.9,0.1,0.1,2.0,1.2,15.7,,thomaca02
89,Cam Thomas,24,BRK,SG,24,8,24.3,5.1,12.8,.399,1.6,4.9,.325,3.5,8.0,.445,.461,3.8,4.5,.843,0.4,1.4,1.8,3.1,0.2,0.1,2.0,1.3,15.6,,thomaca02
89,Cam Thomas,24,MIL,SG,3,0,19.3,6.0,12.7,.474,1.7,4.3,.385,4.3,8.3,.520,.539,3.0,3.0,1.000,0.0,2.0,2.0,1.7,0.0,0.0,1.7,0.3,16.7,,thomaca02
90,Jrue Holiday,35,POR,PG,27,25,28.3,5.8,12.8,.454,2.4,6.3,.374,3.4,6.5,.531,.546,1.7,2.1,.793,1.6,3.1,4.7,6.5,1.2,0.1,2.6,1.7,15.7,,holidjr01
91,Russell Westbrook,37,SAC,SF,52,46,29.3,5.7,13.1,.430,2.1,6.0,.345,3.6,7.2,.501,.509,1.9,2.8,.697,1.4,4.3,5.7,6.6,1.3,0.2,3.4,2.5,15.3,,westbru01
92,Matas Buzelis,21,CHI,PF,55,55,28.3,5.4,11.5,.474,2.1,5.5,.372,3.4,5.9,.569,.563,2.2,2.9,.778,1.0,4.3,5.4,2.1,0.7,1.5,1.9,2.4,15.2,,buzelma01
93,Jaime Jaquez Jr.,24,MIA,SF,51,1,28.9,6.2,12.2,.505,0.5,2.0,.265,5.6,10.2,.552,.527,2.4,3.2,.748,1.3,4.1,5.4,4.7,0.8,0.3,2.3,2.0,15.2,,jaqueja01
94,Jabari Smith Jr.,22,HOU,PF,52,52,35.1,5.4,12.5,.437,2.2,6.2,.358,3.2,6.3,.514,.525,2.1,2.7,.775,1.6,5.5,7.1,1.8,0.8,1.0,1.3,2.5,15.2,,smithja05
95,Kyshawn George,22,WAS,SF,43,43,30.1,5.4,12.3,.441,2.1,5.6,.377,3.3,6.7,.495,.527,2.2,2.7,.797,1.0,4.5,5.4,4.8,1.1,0.9,2.8,3.8,15.1,,georgky01
96,Naji Marshall,28,DAL,SF,53,29,29.6,5.5,10.4,.533,0.9,2.9,.308,4.6,7.5,.621,.576,3.1,3.9,.775,0.9,4.0,4.9,3.0,1.0,0.1,1.4,1.9,15.1,,marshna01
97,Ayo Dosunmu,26,2TM,SG,48,10,26.5,5.6,10.8,.517,1.9,4.3,.447,3.7,6.5,.564,.606,1.9,2.3,.861,0.7,2.2,2.9,3.6,0.8,0.3,1.3,1.8,15.0,,dosunay01
97,Ayo Dosunmu,26,CHI,SG,45,10,26.4,5.6,10.8,.514,1.9,4.3,.451,3.6,6.5,.556,.604,2.0,2.3,.857,0.7,2.3,3.0,3.6,0.8,0.3,1.4,1.7,15.0,,dosunay01
97,Ayo Dosunmu,26,MIN,SG,3,0,28.0,6.0,10.7,.563,1.7,4.3,.385,4.3,6.3,.684,.641,1.0,1.0,1.000,0.0,1.0,1.0,2.7,1.7,0.3,0.7,2.7,14.7,,dosunay01
98,Jaden McDaniels,25,MIN,PF,54,54,32.1,5.7,10.9,.519,1.5,3.4,.454,4.1,7.5,.548,.589,2.1,2.5,.844,1.2,3.1,4.3,2.9,1.0,1.0,1.7,3.3,15.0,,mcdanja02
99,VJ Edgecombe,20,PHI,SG,50,50,35.4,5.5,13.1,.423,2.0,5.7,.352,3.5,7.4,.477,.499,1.8,2.3,.786,1.6,3.8,5.4,4.1,1.5,0.5,1.8,3.0,14.9,,edgecvj01
100,Peyton Watson,23,DEN,SF,49,39,30.7,5.4,10.9,.496,1.5,3.7,.417,3.9,7.2,.537,.567,2.6,3.6,.727,0.9,4.0,4.9,2.0,1.0,1.2,1.8,2.5,14.9,,watsope01
101,Jarrett Allen,27,CLE,C,43,43,27.3,5.8,9.3,.623,0.0,0.2,.111,5.7,9.0,.635,.624,3.0,4.1,.749,2.3,5.9,8.3,2.0,1.0,0.9,1.4,1.8,14.6,,allenja01
102,Keegan Murray,25,SAC,PF,19,18,35.9,5.8,13.6,.429,1.3,4.8,.272,4.5,8.8,.515,.477,1.6,2.0,.789,1.6,4.5,6.1,1.5,1.2,1.6,1.2,1.9,14.6,,murrake02
103,Jordan Poole,26,NOP,PG,28,6,25.4,4.5,12.1,.370,2.5,7.5,.336,1.9,4.5,.425,.475,3.0,3.5,.876,0.2,1.6,1.8,3.1,0.7,0.3,1.9,2.4,14.5,,poolejo01
104,Collin Sexton,27,2TM,SG,45,13,22.9,4.9,10.2,.481,1.3,3.5,.380,3.6,6.7,.535,.547,3.3,3.7,.875,0.5,1.5,2.0,3.6,0.9,0.2,2.2,1.9,14.4,,sextoco01
104,Collin Sexton,27,CHO,SG,42,12,22.3,4.8,9.9,.488,1.4,3.5,.393,3.5,6.4,.539,.557,3.2,3.7,.877,0.4,1.5,1.9,3.7,0.9,0.2,2.1,1.8,14.2,,sextoco01
104,Collin Sexton,27,CHI,SG,3,1,30.7,6.3,15.0,.422,1.0,4.3,.231,5.3,10.7,.500,.456,4.0,4.7,.857,1.7,2.0,3.7,2.0,1.0,0.0,3.3,4.0,17.7,,sextoco01
105,Anfernee Simons,26,2TM,SG,53,4,25.1,5.2,11.8,.442,2.7,6.9,.387,2.5,4.8,.521,.556,1.3,1.4,.893,0.6,1.9,2.5,2.5,0.5,0.2,1.2,1.7,14.4,,simonan01
105,Anfernee Simons,26,BOS,SG,49,0,24.5,5.1,11.6,.440,2.7,6.7,.395,2.4,4.9,.502,.555,1.3,1.5,.889,0.5,1.9,2.4,2.4,0.6,0.1,1.1,1.7,14.2,,simonan01
105,Anfernee Simons,26,CHI,SG,4,4,31.5,6.5,14.0,.464,3.0,9.5,.316,3.5,4.5,.778,.571,0.8,0.8,1.000,1.3,2.3,3.5,4.3,0.0,0.5,2.5,2.0,16.8,,simonan01
106,Walker Kessler,24,UTA,C,5,5,30.8,5.2,7.4,.703,1.2,1.6,.750,4.0,5.8,.690,.784,2.8,4.0,.700,4.6,6.2,10.8,3.0,1.4,1.8,3.2,4.4,14.4,,kesslwa01
107,Ivica Zubac,28,LAC,C,43,42,30.9,6.1,10.0,.613,0.0,0.0,,6.1,10.0,.613,.613,2.2,3.1,.705,3.4,7.6,11.0,2.2,0.4,0.8,1.9,2.4,14.4,,zubaciv01
108,Naz Reid,26,MIN,C,56,2,26.2,5.3,11.3,.469,2.4,6.3,.385,2.9,5.1,.574,.576,1.1,1.5,.738,1.2,5.3,6.4,2.5,1.0,0.9,1.6,2.5,14.2,,reidna01
109,Tim Hardaway Jr.,33,DEN,SG,54,5,27.5,4.6,10.1,.453,2.9,7.0,.409,1.7,3.0,.555,.596,2.1,2.5,.859,0.2,2.4,2.6,1.3,0.5,0.1,0.5,1.2,14.1,,hardati02
110,Ajay Mitchell,23,OKC,SG,43,9,26.3,5.2,10.6,.487,1.1,3.2,.350,4.0,7.4,.545,.539,2.7,3.0,.870,0.7,2.8,3.5,3.7,1.4,0.3,1.6,2.2,14.1,,mitchaj01
111,Jalen Suggs,24,ORL,PG,33,33,26.7,5.0,11.2,.443,1.9,6.0,.325,3.0,5.2,.578,.530,2.2,2.6,.847,0.7,3.3,4.0,5.5,2.0,0.8,2.5,2.8,14.1,,suggsja01
112,Devin Vassell,25,SAS,SG,41,39,30.8,5.0,12.0,.422,2.3,6.6,.354,2.7,5.3,.507,.520,1.7,2.0,.850,0.5,3.4,3.9,2.3,0.9,0.4,0.9,1.7,14.1,,vassede01
113,P.J. Washington,27,DAL,PF,39,36,30.7,5.3,11.9,.447,1.2,4.1,.304,4.1,7.9,.521,.499,2.2,3.3,.674,1.4,5.6,7.0,1.9,1.0,1.3,2.0,2.3,14.1,,washipj01
114,Santi Aldama,25,MEM,PF,43,11,27.9,5.3,11.1,.479,1.6,4.7,.350,3.7,6.4,.572,.553,1.8,2.7,.667,1.6,5.1,6.7,2.9,0.9,0.7,1.3,1.6,14.0,,aldamsa01
115,Scoot Henderson,21,POR,PG,4,0,20.0,3.8,7.3,.517,1.8,4.8,.368,2.0,2.5,.800,.638,4.8,5.8,.826,0.3,2.8,3.0,5.5,0.8,0.0,4.5,3.5,14.0,,hendesc01
116,Obi Toppin,27,IND,PF,3,0,27.3,5.0,12.0,.417,1.0,5.7,.176,4.0,6.3,.632,.458,3.0,3.0,1.000,1.0,5.7,6.7,1.7,1.0,0.0,2.0,2.3,14.0,,toppiob01
117,Kelly Oubre Jr.,30,PHI,SF,32,27,32.7,5.0,10.7,.469,1.8,4.9,.367,3.2,5.7,.557,.554,2.1,2.8,.744,0.9,3.8,4.7,1.6,1.3,0.6,1.3,2.5,13.9,,oubreke01
118,Jaylon Tyson,23,CLE,SG,50,35,27.8,5.3,10.2,.514,2.1,4.4,.475,3.2,5.9,.543,.615,1.3,1.7,.750,2.0,3.4,5.4,2.3,0.9,0.4,1.6,2.6,13.9,,tysonja01
119,John Collins,28,LAC,PF,51,42,28.0,5.4,9.6,.566,1.4,3.2,.430,4.0,6.3,.635,.638,1.6,2.1,.783,1.4,3.7,5.1,0.9,0.8,0.8,1.3,2.7,13.8,,collijo01
120,De'Andre Hunter,28,2TM,SF,45,25,26.1,4.6,11.1,.415,1.7,5.5,.305,3.0,5.7,.522,.490,2.8,3.2,.867,0.7,3.4,4.1,2.0,0.7,0.1,1.7,2.5,13.7,,huntede01
120,De'Andre Hunter,28,CLE,SF,43,23,26.2,4.7,11.2,.423,1.7,5.5,.308,3.0,5.7,.535,.499,2.8,3.2,.869,0.7,3.6,4.2,2.1,0.7,0.1,1.7,2.5,14.0,,huntede01
120,De'Andre Hunter,28,SAC,SF,2,2,25.5,2.0,9.5,.211,1.0,4.5,.222,1.0,5.0,.200,.263,2.5,3.0,.833,0.5,1.0,1.5,0.5,0.0,0.0,2.0,2.5,7.5,,huntede01
121,Zach Edey,23,MEM,C,11,11,25.8,5.6,8.9,.633,0.1,0.5,.200,5.5,8.5,.656,.638,2.3,2.9,.781,3.9,7.2,11.1,1.1,0.6,1.9,2.4,3.4,13.6,,edeyza01
122,Sam Merrill,29,CLE,SG,31,22,25.4,4.5,9.2,.484,3.5,7.5,.472,0.9,1.7,.537,.675,1.2,1.3,.878,0.7,1.6,2.3,2.3,0.6,0.2,0.9,2.6,13.6,,merrisa01
123,Aaron Nesmith,26,IND,SF,32,29,30.5,4.5,11.6,.389,2.4,6.4,.371,2.1,5.2,.412,.492,2.2,2.7,.814,1.3,3.4,4.8,2.1,0.7,0.6,1.4,2.7,13.6,,nesmiaa01
124,Keldon Johnson,26,SAS,SF,54,0,23.9,5.1,9.4,.549,1.2,3.2,.380,3.9,6.2,.635,.613,2.0,2.6,.791,1.8,4.1,5.9,1.4,0.7,0.1,1.0,2.0,13.5,,johnske04
125,Tobias Harris,33,DET,PF,37,37,27.9,4.8,10.6,.455,1.4,4.0,.354,3.4,6.6,.516,.522,2.4,2.7,.879,0.9,3.9,4.9,2.3,0.8,0.2,1.1,1.8,13.4,,harrito02
126,Max Christie,22,DAL,SG,50,41,29.7,4.5,9.7,.467,2.5,5.8,.426,2.1,3.9,.528,.594,1.7,2.0,.869,0.2,3.2,3.4,2.3,0.6,0.4,1.1,1.4,13.3,,chrisma02
127,Cedric Coward,22,MEM,SG,48,35,26.3,4.9,10.4,.468,1.5,4.4,.340,3.4,6.0,.561,.539,2.1,2.5,.843,1.4,4.9,6.2,2.9,0.6,0.4,1.8,2.0,13.3,,cowarce01
128,Collin Gillespie,26,PHO,PG,54,35,28.3,4.6,10.7,.434,3.0,7.1,.423,1.6,3.5,.455,.576,1.0,1.2,.846,1.0,3.2,4.2,4.7,1.4,0.2,1.6,1.5,13.3,,gilleco01
129,Deandre Ayton,27,LAL,C,46,46,28.2,6.0,9.0,.675,0.0,0.0,,6.0,9.0,.675,.675,1.2,1.8,.646,2.5,5.9,8.5,0.9,0.6,1.0,1.4,2.3,13.2,,aytonde01
130,Jeremiah Fears,19,NOP,PG,56,44,25.6,5.0,11.8,.429,1.1,3.3,.324,4.0,8.5,.468,.473,2.1,2.6,.814,0.7,2.9,3.7,3.1,1.3,0.3,2.2,1.8,13.2,,fearsje01
131,Bobby Portis,30,MIL,PF,51,9,24.3,5.3,11.0,.483,1.9,4.2,.451,3.4,6.7,.503,.570,0.7,0.9,.723,1.3,5.3,6.6,1.6,0.6,0.2,1.1,1.7,13.2,,portibo01
132,Toumani Camara,25,POR,PF,56,56,33.4,4.7,10.6,.441,2.6,7.1,.370,2.1,3.5,.584,.564,1.2,1.7,.702,1.7,3.6,5.4,2.6,1.0,0.4,2.0,3.2,13.1,,camarto01
133,Noah Clowney,21,BRK,PF,47,41,28.4,4.0,10.1,.392,2.1,6.5,.322,1.9,3.7,.514,.495,2.9,3.7,.798,1.0,3.3,4.3,1.8,0.7,0.8,1.7,2.7,13.0,,clownno01
134,Tre Johnson,19,WAS,SG,40,22,25.0,4.7,10.6,.440,2.1,5.5,.386,2.5,5.1,.498,.540,1.5,1.6,.892,0.5,2.2,2.7,2.2,0.7,0.3,1.4,1.8,12.9,,johnstr03
135,Kyle Kuzma,30,MIL,PF,50,26,26.8,4.9,10.1,.481,1.0,3.0,.322,3.9,7.1,.550,.530,2.2,3.0,.733,0.9,4.0,5.0,2.5,0.6,0.4,1.6,2.1,12.9,,kuzmaky01
136,Miles McBride,25,NYK,SG,35,14,28.0,4.5,10.3,.434,2.9,6.9,.420,1.6,3.4,.462,.575,1.0,1.2,.814,0.6,2.0,2.6,2.8,0.9,0.2,0.8,1.8,12.9,,mcbrimi01
137,Donte DiVincenzo,29,MIN,SG,56,56,31.2,4.3,10.5,.412,3.1,8.0,.383,1.3,2.5,.504,.557,1.1,1.4,.753,1.0,3.5,4.5,4.2,1.4,0.4,1.5,2.6,12.8,,divindo01
138,Quentin Grimes,25,PHI,SG,48,7,29.9,4.1,9.4,.439,1.8,5.3,.341,2.3,4.0,.567,.536,2.7,3.1,.859,0.6,3.1,3.8,3.6,0.9,0.4,1.9,2.0,12.7,,grimequ01
139,Reed Sheppard,21,HOU,SG,53,6,24.7,4.7,11.0,.426,2.4,6.2,.387,2.3,4.8,.476,.535,0.8,1.1,.776,0.3,2.2,2.6,3.0,1.4,0.6,1.3,1.9,12.7,,sheppre01
140,Myles Turner,29,MIL,C,50,50,28.6,4.3,9.7,.441,2.2,5.6,.387,2.1,4.1,.515,.553,2.0,2.7,.756,1.2,4.5,5.7,1.6,0.7,1.7,1.2,2.7,12.7,,turnemy01
141,Brandon Williams,26,DAL,PG,46,12,22.0,4.5,9.7,.466,0.5,2.5,.221,4.0,7.2,.550,.494,3.1,4.0,.781,0.5,2.4,2.9,3.7,1.0,0.2,1.9,1.6,12.7,,willibr03
142,Nic Claxton,26,BRK,C,50,49,29.3,5.1,8.7,.590,0.1,0.3,.214,5.1,8.4,.602,.593,2.2,3.7,.607,2.6,4.7,7.3,4.0,0.7,1.3,1.4,2.3,12.5,,claxtni01
143,Brice Sensabaugh,22,UTA,SF,53,10,21.9,4.4,9.7,.450,1.8,5.2,.345,2.5,4.4,.574,.544,2.0,2.4,.849,0.7,2.2,2.9,1.5,0.7,0.1,1.2,1.9,12.5,,sensabr01
144,Tre Jones,26,CHI,PG,38,20,26.8,4.4,7.9,.550,0.6,1.7,.328,3.8,6.3,.609,.584,3.1,3.6,.848,0.6,2.3,3.0,5.8,1.3,0.2,1.4,1.4,12.4,,jonestr01
145,Malik Monk,27,SAC,SG,43,0,22.2,4.4,10.1,.436,2.1,4.9,.426,2.3,5.3,.445,.538,1.5,1.7,.877,0.3,1.7,2.0,2.6,0.7,0.4,1.4,1.6,12.4,,monkma01
146,Dennis Schröder,32,2TM,PG,44,14,25.8,4.2,10.4,.400,1.3,4.1,.326,2.8,6.3,.449,.465,2.6,3.2,.821,0.5,2.5,3.0,5.1,0.8,0.2,1.9,1.6,12.3,,schrode01
146,Dennis Schröder,32,SAC,PG,40,14,26.4,4.3,10.6,.408,1.4,4.2,.343,2.9,6.4,.449,.475,2.7,3.3,.820,0.6,2.5,3.1,5.3,0.8,0.2,2.0,1.7,12.8,,schrode01
146,Dennis Schröder,32,CLE,PG,4,0,19.8,2.8,8.8,.314,0.5,3.8,.133,2.3,5.0,.450,.343,1.5,1.8,.857,0.0,2.5,2.5,3.8,1.3,0.3,1.3,1.3,7.5,,schrode01
147,Duncan Robinson,31,DET,SF,51,51,28.2,4.1,9.4,.441,2.9,7.3,.401,1.2,2.1,.585,.597,1.1,1.4,.740,0.4,2.3,2.7,1.9,0.6,0.3,0.7,2.2,12.3,,robindu01
148,Tari Eason,24,HOU,PF,31,17,25.4,4.6,10.2,.451,2.2,4.8,.460,2.4,5.4,.443,.560,0.7,1.1,.657,1.9,4.2,6.1,1.5,1.3,0.5,1.5,2.2,12.2,,easonta01
149,Josh Hart,30,NYK,SF,43,29,30.6,4.6,9.2,.497,1.6,3.9,.407,3.0,5.3,.564,.584,1.5,2.0,.741,1.5,6.1,7.6,5.2,1.2,0.3,2.0,2.6,12.2,,hartjo01
150,Derik Queen,21,NOP,C,55,43,26.0,4.7,9.6,.491,0.3,1.0,.278,4.4,8.6,.516,.506,2.5,3.3,.777,1.6,5.6,7.2,4.1,1.0,0.9,2.4,2.8,12.2,,queende01
151,Rui Hachimura,27,LAL,PF,44,31,29.9,4.8,9.3,.511,1.8,4.1,.447,2.9,5.2,.561,.609,0.8,1.1,.735,0.6,2.9,3.5,0.9,0.5,0.3,0.8,1.6,12.1,,hachiru01
152,Jonathan Kuminga,23,GSW,PF,20,13,23.8,4.4,9.7,.454,0.9,2.7,.321,3.6,7.1,.504,.497,2.5,3.3,.742,1.5,4.4,5.9,2.5,0.4,0.3,2.3,1.7,12.1,,kuminjo01
153,Jaylen Wells,22,MEM,SG,52,52,26.8,4.2,10.1,.415,1.8,5.2,.338,2.4,4.9,.496,.502,2.0,2.6,.765,0.9,2.5,3.4,1.7,0.8,0.1,1.1,2.2,12.1,,wellsja01
154,Mark Williams,24,PHO,C,50,46,24.0,4.9,7.3,.665,0.0,0.0,1.000,4.9,7.3,.664,.666,2.3,3.0,.770,3.1,5.0,8.1,1.1,1.0,0.9,1.1,2.3,12.1,,willima07
155,Brandin Podziemski,22,GSW,SG,55,19,26.9,4.3,9.5,.448,1.7,4.5,.370,2.6,5.0,.518,.535,1.9,2.4,.767,0.7,3.8,4.6,3.5,1.1,0.2,1.5,1.8,12.0,,podzibr01
156,Ace Bailey,19,UTA,SF,49,38,26.3,4.8,10.6,.450,1.5,4.4,.340,3.3,6.2,.528,.520,0.7,1.0,.708,1.6,2.3,3.9,1.7,0.8,0.5,1.3,2.6,11.7,,baileac01
157,De'Anthony Melton,27,GSW,PG,28,4,21.8,4.2,9.9,.424,1.4,4.7,.295,2.8,5.1,.542,.495,1.9,2.4,.818,0.5,2.3,2.8,2.4,1.6,0.4,1.7,2.2,11.7,,meltode01
158,Wendell Carter Jr.,26,ORL,C,51,51,29.5,4.1,8.4,.492,1.1,3.4,.331,3.0,5.0,.600,.559,2.3,2.8,.793,2.1,5.2,7.4,2.1,0.8,0.7,1.2,3.6,11.6,,cartewe01
159,Donovan Clingan,21,POR,C,52,52,27.6,4.5,8.5,.526,1.0,3.1,.321,3.5,5.5,.641,.584,1.7,2.5,.674,4.7,6.8,11.5,2.1,0.5,1.4,1.1,2.3,11.6,,clingdo01
160,Dyson Daniels,22,ATL,SG,53,53,33.6,5.2,10.4,.498,0.2,1.4,.133,5.0,9.0,.556,.507,1.1,1.7,.615,2.2,4.2,6.5,6.2,1.8,0.4,2.0,2.2,11.6,,daniedy01
161,Cam Spencer,25,MEM,SG,51,14,24.1,3.8,8.0,.477,2.2,4.8,.447,1.6,3.2,.522,.612,1.8,2.0,.931,0.5,2.2,2.7,5.6,0.7,0.1,1.5,1.5,11.6,,spencca01
162,Klay Thompson,35,DAL,SF,49,8,22.1,4.1,10.5,.388,2.9,7.6,.375,1.2,2.9,.420,.523,0.6,0.8,.730,0.3,2.1,2.4,1.4,0.5,0.3,1.0,1.0,11.6,,thompkl01
163,Cameron Johnson,29,DEN,SF,31,31,30.4,4.0,8.6,.470,1.9,4.4,.437,2.1,4.2,.504,.581,1.5,1.9,.810,0.7,2.9,3.6,2.2,0.7,0.3,0.9,2.4,11.5,,johnsca02
164,Moses Moody,23,GSW,SG,53,42,25.1,3.9,8.8,.437,2.4,6.0,.401,1.5,2.9,.513,.572,1.4,1.8,.779,0.8,2.5,3.3,1.5,0.9,0.6,0.9,1.9,11.5,,moodymo01
165,Jock Landale,30,2TM,C,49,26,23.4,4.5,8.5,.528,1.2,2.9,.399,3.3,5.6,.595,.596,1.3,2.0,.660,3.1,3.3,6.4,1.7,0.5,0.5,1.0,2.2,11.4,,landajo01
165,Jock Landale,30,MEM,C,45,25,23.6,4.4,8.6,.514,1.1,2.9,.380,3.4,5.8,.581,.577,1.3,2.0,.674,3.1,3.4,6.5,1.7,0.6,0.5,1.0,2.3,11.3,,landajo01
165,Jock Landale,30,ATL,C,4,1,21.5,5.0,7.0,.714,2.0,3.5,.571,3.0,3.5,.857,.857,1.0,2.0,.500,2.5,2.5,5.0,1.5,0.3,1.0,0.8,2.0,13.0,,landajo01
166,Sandro Mamukelashvili,26,TOR,C,53,11,22.6,4.2,8.1,.525,1.4,3.7,.383,2.8,4.4,.645,.612,1.5,2.0,.764,1.5,3.5,5.1,1.9,0.8,0.6,0.9,2.0,11.4,,mamuksa01
167,Caleb Love,24,POR,SG,45,1,22.2,4.2,10.8,.390,2.1,6.4,.321,2.1,4.3,.492,.486,0.8,1.1,.735,0.6,2.0,2.5,2.7,0.6,0.1,1.4,1.0,11.3,,loveca01
168,Kel'el Ware,21,MIA,C,52,29,22.3,4.5,8.5,.532,1.2,2.9,.403,3.4,5.7,.597,.599,1.1,1.4,.781,3.0,6.2,9.2,0.6,0.8,1.0,0.9,1.6,11.3,,wareke01
169,Julian Champagnie,24,SAS,SF,54,40,27.9,3.6,8.4,.422,2.4,6.5,.369,1.2,1.9,.600,.564,1.6,1.9,.846,0.9,5.0,5.9,1.4,0.8,0.4,0.9,1.6,11.1,,champju02
170,Jalen Green,23,PHO,SG,7,2,15.3,3.9,9.4,.409,1.9,5.3,.351,2.0,4.1,.483,.508,1.6,1.9,.846,0.3,1.9,2.1,2.3,0.4,0.0,1.4,0.6,11.1,,greenja05
171,Rudy Gobert,33,MIN,C,54,54,31.3,4.5,6.4,.703,0.0,0.0,.000,4.5,6.3,.707,.703,2.1,4.1,.502,3.7,7.4,11.1,1.7,0.7,1.6,1.3,2.6,11.0,,goberru01
172,Blake Hinson,26,UTA,SF,1,0,25.0,4.0,7.0,.571,3.0,6.0,.500,1.0,1.0,1.000,.786,0.0,0.0,,0.0,1.0,1.0,1.0,0.0,0.0,1.0,5.0,11.0,,hinsobl01
173,Dylan Harper,19,SAS,SG,43,0,21.7,4.4,9.4,.467,0.6,2.5,.252,3.8,6.9,.544,.500,1.5,2.0,.750,0.7,2.7,3.4,3.7,0.8,0.3,1.3,1.8,10.9,,harpedy01
174,Jusuf Nurkić,31,UTA,C,41,36,26.4,4.4,8.7,.503,0.6,1.7,.352,3.8,7.0,.540,.538,1.5,2.8,.549,2.6,7.8,10.4,4.8,1.3,0.5,2.5,3.3,10.9,,nurkiju01
175,Egor Dёmin,19,BRK,PG,46,39,25.0,3.6,8.8,.406,2.5,6.4,.396,1.1,2.5,.434,.549,1.1,1.3,.862,0.5,2.7,3.1,3.3,0.8,0.3,1.8,1.8,10.8,,demineg01
176,A.J. Green,26,MIL,SG,49,49,30.2,3.5,8.0,.440,3.1,7.1,.431,0.4,0.8,.512,.633,0.6,0.7,.794,0.2,2.4,2.6,2.0,0.6,0.1,0.8,2.3,10.7,,greenaj01
177,Scotty Pippen Jr.,25,MEM,PG,3,1,20.0,4.0,8.0,.500,1.0,2.3,.429,3.0,5.7,.529,.563,1.7,2.0,.833,0.3,0.7,1.0,4.3,2.0,0.7,1.7,4.3,10.7,,pippesc02
178,Harrison Barnes,33,SAS,PF,54,49,27.8,3.6,8.1,.444,1.9,5.0,.375,1.7,3.1,.557,.560,1.5,1.8,.842,0.9,2.1,3.0,2.1,0.7,0.2,0.9,1.2,10.6,,barneha02
179,Isaiah Hartenstein,27,OKC,C,30,29,25.7,4.5,7.0,.635,0.0,0.2,.000,4.5,6.9,.650,.635,1.7,2.6,.649,3.3,6.4,9.7,3.6,1.0,0.7,2.1,2.7,10.6,,harteis01
180,Aaron Wiggins,27,OKC,SG,41,15,23.8,3.9,8.9,.444,1.8,4.7,.387,2.1,4.1,.509,.547,0.9,1.2,.735,0.6,2.9,3.5,1.8,1.0,0.6,1.3,1.4,10.6,,wiggiaa01
181,Isaiah Joe,26,OKC,SG,47,3,21.1,3.3,7.4,.441,2.4,5.9,.415,0.8,1.5,.542,.605,1.6,1.8,.882,0.5,2.0,2.5,1.4,0.6,0.2,0.6,1.7,10.5,,joeis01
182,Zaccharie Risacher,20,ATL,SF,42,42,24.2,4.1,9.1,.449,1.5,4.3,.352,2.6,4.8,.537,.533,0.8,1.4,.603,0.9,2.6,3.5,1.3,0.9,0.5,1.0,2.2,10.5,,risacza01
183,Jarace Walker,22,IND,PF,54,19,24.0,3.6,8.9,.404,1.6,4.4,.364,2.0,4.6,.441,.493,1.7,2.2,.780,0.5,3.9,4.5,2.0,0.8,0.4,1.6,1.7,10.5,,walkeja02
184,Isaiah Collier,21,UTA,PG,48,12,25.5,3.9,7.6,.510,0.5,1.6,.293,3.4,6.0,.566,.540,2.2,3.2,.691,0.4,2.2,2.6,7.4,1.0,0.3,2.5,2.4,10.4,,colliis01
185,Kevin Huerter,27,2TM,SF,48,11,22.6,4.0,8.8,.454,1.5,4.8,.306,2.5,4.0,.634,.538,0.9,1.2,.732,0.5,3.1,3.7,2.5,0.8,0.6,1.1,1.9,10.3,,huertke01
185,Kevin Huerter,27,CHI,SF,44,11,23.6,4.2,9.2,.455,1.6,5.1,.314,2.6,4.1,.630,.542,0.9,1.3,.732,0.5,3.3,3.8,2.6,0.8,0.6,1.1,1.9,10.9,,huertke01
185,Kevin Huerter,27,DET,SG,4,0,12.0,2.0,4.8,.421,0.3,2.3,.111,1.8,2.5,.700,.447,0.0,0.0,,0.5,1.3,1.8,0.8,0.8,0.3,0.5,1.3,4.3,,huertke01
186,Khris Middleton,34,2TM,SF,36,34,24.1,3.8,8.8,.427,1.0,2.9,.330,2.8,5.8,.476,.483,1.9,2.2,.848,0.9,3.0,3.9,3.2,0.7,0.3,1.6,2.5,10.3,,middlkh01
186,Khris Middleton,34,WAS,SF,34,34,24.3,3.8,8.8,.433,1.0,2.9,.333,2.9,5.9,.483,.488,1.7,2.0,.841,0.9,3.1,3.9,3.3,0.8,0.3,1.7,2.5,10.3,,middlkh01
186,Khris Middleton,34,DAL,SF,2,0,21.0,2.5,8.0,.313,1.0,3.5,.286,1.5,4.5,.333,.375,4.5,5.0,.900,0.5,2.5,3.0,1.5,0.0,0.0,1.0,2.5,10.5,,middlkh01
187,Royce O'Neale,32,PHO,SF,55,50,29.3,3.6,8.5,.424,2.8,6.9,.405,0.8,1.6,.506,.589,0.3,0.5,.679,0.7,4.1,4.8,2.9,1.2,0.3,1.5,2.3,10.3,,onealro01
188,Marvin Bagley III,26,2TM,PF,41,8,19.5,4.1,6.6,.616,0.2,0.5,.429,3.9,6.1,.632,.633,1.8,2.7,.673,2.7,3.2,5.9,1.5,0.5,0.8,1.1,2.0,10.2,,baglema01
188,Marvin Bagley III,26,WAS,PF,38,8,19.2,4.1,6.5,.626,0.2,0.5,.421,3.8,6.0,.643,.642,1.8,2.6,.711,2.6,3.1,5.7,1.5,0.5,0.7,1.2,2.1,10.1,,baglema01
188,Marvin Bagley III,26,DAL,PF,3,0,23.0,4.3,8.3,.520,0.3,0.7,.500,4.0,7.7,.522,.540,1.7,4.3,.385,4.0,4.0,8.0,1.3,0.7,1.3,0.3,2.0,10.7,,baglema01
189,Bub Carrington,20,WAS,PG,53,24,28.0,3.5,8.8,.402,2.1,5.3,.393,1.5,3.5,.416,.520,1.0,1.3,.761,0.4,3.1,3.5,4.6,0.6,0.2,2.4,2.2,10.2,,carrica01
190,Pelle Larsson,24,MIA,SG,45,32,23.9,3.7,7.4,.495,0.9,2.8,.333,2.7,4.6,.594,.559,2.0,2.6,.767,0.8,2.5,3.3,3.3,0.6,0.2,1.1,1.8,10.2,,larsspe01
191,D'Angelo Russell,29,DAL,PG,26,3,19.0,3.6,8.9,.405,1.3,4.3,.295,2.3,4.6,.508,.476,1.7,2.3,.717,0.3,2.0,2.3,4.0,0.5,0.1,1.9,1.2,10.2,,russeda01
192,Jalen Smith,25,CHI,C,43,12,20.2,3.7,7.6,.488,1.5,4.0,.379,2.2,3.6,.610,.588,1.2,1.7,.718,1.9,5.0,6.9,1.3,0.4,0.8,0.9,2.0,10.2,,smithja04
193,Ausar Thompson,23,DET,SF,49,48,25.7,4.2,8.2,.511,0.1,0.4,.300,4.1,7.8,.522,.519,1.7,2.9,.580,2.2,3.8,6.0,2.7,1.9,0.8,1.4,2.8,10.2,,thompau01
194,Derrick Jones Jr.,28,LAC,SF,22,17,24.8,3.6,6.7,.541,1.3,3.2,.400,2.4,3.5,.667,.635,1.4,1.8,.775,0.8,1.8,2.5,1.2,0.9,1.1,0.8,2.0,10.0,,jonesde02
195,Isaiah Stewart,24,DET,C,48,13,23.3,3.8,7.1,.540,0.7,2.2,.321,3.1,4.9,.639,.590,1.6,2.2,.760,1.6,3.5,5.1,1.1,0.3,1.7,1.2,3.0,10.0,,stewais01
196,Christian Braun,24,DEN,SG,19,19,30.3,3.8,7.9,.480,0.6,2.3,.250,3.2,5.6,.575,.517,1.8,2.3,.773,1.5,2.8,4.3,2.8,0.5,0.4,1.2,2.3,9.9,,braunch01
197,Bilal Coulibaly,21,WAS,SG,33,33,26.8,3.2,8.2,.394,0.9,3.4,.261,2.3,4.8,.487,.448,2.5,3.2,.764,0.9,3.5,4.4,2.5,1.4,0.9,1.5,2.7,9.8,,coulibi01
198,Maxime Raynaud,22,SAC,C,48,30,23.5,4.2,7.5,.552,0.2,0.9,.268,3.9,6.7,.589,.568,1.3,1.7,.753,1.7,4.9,6.6,1.0,0.5,0.5,1.0,2.4,9.8,,raynama01
199,Marcus Smart,31,LAL,SG,44,37,28.4,3.2,8.0,.402,1.6,4.8,.329,1.6,3.2,.511,.500,1.9,2.3,.828,0.7,2.3,3.0,2.9,1.3,0.4,1.6,2.6,9.8,,smartma01
200,Zach Collins,28,CHI,C,10,0,18.4,3.7,6.4,.578,0.9,2.1,.429,2.8,4.3,.651,.648,1.4,2.0,.700,1.6,4.0,5.6,1.5,0.2,0.4,1.0,1.8,9.7,,colliza01
201,Kyle Filipowski,22,UTA,C,55,19,22.1,3.6,7.4,.486,0.8,2.5,.333,2.7,4.9,.566,.543,1.7,2.4,.712,1.8,4.9,6.7,2.0,0.8,0.4,1.4,2.9,9.7,,filipky01
202,Jakob Poeltl,30,TOR,C,22,22,25.0,4.2,6.1,.687,0.0,0.0,,4.2,6.1,.687,.687,1.3,2.2,.592,2.7,5.0,7.6,2.0,0.7,0.5,1.5,3.1,9.7,,poeltja01
203,Neemias Queta,26,BOS,C,51,50,25.1,4.1,6.5,.639,0.0,0.1,.000,4.1,6.4,.649,.639,1.5,2.2,.670,3.0,5.3,8.3,1.5,0.9,1.3,1.1,2.9,9.7,,quetane01
204,Ziaire Williams,24,BRK,SF,38,5,23.0,3.2,7.6,.417,1.7,5.1,.323,1.5,2.4,.613,.526,1.8,2.1,.859,0.6,2.1,2.6,0.8,1.2,0.5,1.1,2.1,9.7,,willizi02
205,Corey Kispert,26,2TM,SF,35,8,20.4,3.3,7.1,.464,1.5,4.3,.362,1.7,2.8,.616,.573,1.5,1.8,.823,0.4,2.0,2.4,1.7,0.4,0.1,0.8,1.1,9.6,,kispeco01
205,Corey Kispert,26,WAS,SF,19,2,19.5,3.1,6.3,.496,1.6,4.0,.395,1.5,2.3,.674,.622,1.4,1.8,.765,0.3,2.0,2.3,1.7,0.4,0.2,0.7,1.1,9.2,,kispeco01
205,Corey Kispert,26,ATL,SF,16,6,21.5,3.5,8.1,.434,1.5,4.6,.329,2.0,3.5,.571,.527,1.6,1.8,.893,0.4,2.1,2.5,1.8,0.4,0.1,0.9,1.1,10.1,,kispeco01
206,T.J. McConnell,33,IND,PG,40,0,17.0,4.5,8.3,.539,0.3,1.0,.316,4.2,7.3,.568,.558,0.4,0.4,.938,0.4,1.8,2.2,4.8,1.1,0.2,1.2,1.2,9.6,,mccontj01
207,Landry Shamet,28,NYK,SG,30,9,21.9,3.1,7.0,.445,2.2,5.1,.422,1.0,1.9,.509,.600,1.1,1.6,.723,0.5,1.4,1.9,1.5,0.5,0.2,0.4,1.4,9.6,,shamela01
208,Jake LaRavia,24,LAL,PF,54,33,26.9,3.4,7.2,.465,1.1,3.5,.326,2.2,3.7,.594,.544,1.6,2.1,.765,1.4,2.6,4.0,1.9,1.3,0.5,1.2,2.3,9.5,,laravja01
209,Moritz Wagner,28,ORL,C,13,0,12.0,3.2,6.2,.513,1.2,2.5,.455,2.0,3.6,.553,.606,1.8,2.0,.885,0.7,2.5,3.2,0.5,0.5,0.1,0.6,1.8,9.2,,wagnemo01
210,Cam Whitmore,21,WAS,SF,21,0,16.9,3.7,8.0,.456,0.8,2.7,.286,2.9,5.4,.540,.503,1.1,1.5,.742,0.9,1.9,2.8,0.7,0.7,0.4,0.9,1.2,9.2,,whitmca01
211,Vit Krejci,25,2TM,PG,52,8,22.3,3.2,6.8,.463,2.2,5.3,.410,1.0,1.6,.639,.621,0.6,0.8,.756,0.4,1.6,2.1,1.5,0.8,0.3,0.6,2.3,9.1,,krejcvi01
211,Vit Krejci,25,ATL,PG,46,8,22.3,3.1,6.7,.464,2.2,5.2,.423,0.9,1.5,.609,.628,0.6,0.8,.750,0.4,1.7,2.1,1.5,0.8,0.3,0.7,2.3,9.0,,krejcvi01
211,Vit Krejci,25,POR,PG,6,0,21.8,3.7,8.0,.458,1.8,5.7,.324,1.8,2.3,.786,.573,0.7,0.8,.800,0.7,1.2,1.8,2.0,0.8,0.5,0.3,1.8,9.8,,krejcvi01
212,Jordan Clarkson,33,NYK,SG,51,1,18.9,3.4,7.9,.431,1.2,3.6,.333,2.2,4.2,.516,.509,1.1,1.4,.792,0.8,0.9,1.7,1.3,0.4,0.2,1.0,1.8,9.1,,clarkjo01
213,Sam Hauser,28,BOS,PF,51,23,24.1,3.1,7.7,.409,2.6,6.6,.392,0.5,1.1,.519,.578,0.2,0.2,.917,0.7,3.1,3.8,1.4,0.6,0.3,0.5,1.5,9.1,,hausesa01
214,Jordan Miller,26,LAC,SF,33,0,19.8,3.1,6.1,.512,0.8,2.1,.357,2.4,4.0,.595,.575,2.1,2.7,.787,0.9,2.3,3.2,1.6,0.7,0.2,1.2,1.0,9.1,,millejo02
215,Jonas Valančiūnas,33,DEN,C,43,4,14.6,3.7,6.3,.577,0.1,0.4,.278,3.5,5.9,.598,.586,1.7,2.2,.760,1.6,3.6,5.2,1.3,0.2,0.7,1.2,2.3,9.1,,valanjo01
216,MarJon Beauchamp,25,PHI,SF,2,0,18.0,3.0,7.0,.429,1.5,3.5,.429,1.5,3.5,.429,.536,1.5,2.0,.750,0.5,3.0,3.5,2.5,1.5,0.5,1.5,0.0,9.0,,beaucma01
217,GG Jackson II,21,MEM,PF,33,8,18.7,3.3,6.9,.482,1.0,3.1,.327,2.3,3.8,.606,.555,1.3,1.8,.741,0.6,3.0,3.6,1.2,0.7,0.6,1.0,1.6,9.0,,jacksgg01
218,Davion Mitchell,27,MIA,PG,46,46,28.9,3.5,7.6,.468,1.2,3.0,.401,2.3,4.6,.512,.547,0.8,1.2,.660,0.4,2.1,2.5,7.0,1.1,0.1,1.6,2.7,9.0,,mitchda01
219,Svi Mykhailiuk,28,UTA,SF,45,41,23.8,3.4,7.0,.478,1.8,4.5,.397,1.6,2.5,.625,.606,0.5,0.6,.920,0.7,1.8,2.5,1.9,0.5,0.1,0.8,1.4,9.0,,mykhasv01
220,Herbert Jones,27,NOP,SF,33,33,28.8,3.3,8.4,.392,1.3,4.4,.306,2.0,4.1,.485,.471,0.9,1.2,.775,0.9,2.7,3.6,2.6,1.6,0.5,1.3,3.2,8.9,,joneshe01
221,Isaac Okoro,25,CHI,SG,46,46,26.0,3.3,7.0,.466,1.0,3.2,.324,2.2,3.8,.586,.540,1.3,1.7,.789,1.1,1.6,2.7,1.5,0.7,0.5,0.7,2.5,8.9,,okorois01
222,Jordan Goodwin,27,PHO,PG,52,4,22.2,3.3,8.2,.405,1.5,4.4,.351,1.8,3.8,.467,.499,0.6,0.8,.707,1.9,2.8,4.7,2.3,1.5,0.2,1.0,1.9,8.8,,goodwjo01
223,Luguentz Dort,26,OKC,SF,45,45,27.7,3.1,7.7,.398,1.9,5.5,.350,1.2,2.2,.515,.522,0.6,0.8,.778,0.9,2.9,3.8,1.2,0.9,0.5,0.8,2.9,8.7,,dortlu01
224,Simone Fontecchio,30,MIA,SF,53,5,17.6,2.8,7.2,.391,1.8,5.0,.357,1.0,2.2,.470,.516,1.3,1.6,.831,0.8,2.5,3.3,1.5,0.5,0.2,0.8,1.5,8.7,,fontesi01
225,Jay Huff,27,IND,C,55,31,20.0,3.2,6.8,.469,1.4,4.3,.315,1.8,2.5,.737,.569,0.9,1.1,.845,0.9,2.9,3.8,1.3,0.6,1.9,0.8,2.5,8.7,,huffja01
226,Tristan Da Silva,24,ORL,SF,48,14,22.3,3.2,7.6,.427,1.4,3.9,.365,1.8,3.6,.494,.522,0.7,0.8,.842,0.7,2.6,3.3,1.2,0.9,0.3,0.8,1.3,8.6,,dasiltr01
227,Draymond Green,35,GSW,PF,46,46,26.7,3.1,7.5,.417,1.5,4.7,.327,1.6,2.8,.566,.519,0.9,1.3,.707,0.7,5.0,5.7,5.2,0.8,0.6,2.8,3.1,8.6,,greendr01
228,Jaden Ivey,23,2TM,SG,37,5,18.1,3.1,6.9,.445,1.4,3.6,.373,1.7,3.3,.525,.543,1.0,1.3,.809,0.6,1.8,2.5,1.8,0.6,0.4,1.1,1.4,8.5,,iveyja01
228,Jaden Ivey,23,DET,SG,33,2,16.8,3.0,6.7,.450,1.3,3.4,.372,1.7,3.2,.533,.545,0.9,1.2,.789,0.6,1.6,2.2,1.6,0.5,0.4,1.1,1.3,8.2,,iveyja01
228,Jaden Ivey,23,CHI,SG,4,3,28.8,3.8,9.0,.417,2.0,5.3,.381,1.8,3.8,.467,.528,2.0,2.3,.889,1.3,3.5,4.8,4.0,2.0,0.5,1.5,2.3,11.5,,iveyja01
229,Dominick Barlow,22,PHI,PF,43,36,24.0,3.4,6.1,.557,0.4,1.5,.286,3.0,4.6,.643,.592,1.3,1.7,.770,2.2,2.8,5.0,1.2,1.0,0.6,0.8,2.0,8.5,,barlodo01
230,Day'Ron Sharpe,24,BRK,C,51,4,18.5,3.3,5.4,.611,0.1,0.6,.219,3.2,4.8,.663,.624,1.8,2.6,.679,2.7,4.0,6.7,2.3,1.1,0.4,1.6,2.3,8.5,,sharpda01
231,Kentavious Caldwell-Pope,32,MEM,SG,51,14,21.3,2.9,7.2,.410,1.1,3.4,.316,1.9,3.8,.495,.485,1.4,1.6,.913,0.4,2.1,2.5,2.7,0.8,0.2,1.2,1.1,8.4,,caldwke01
232,Danny Wolf,21,BRK,PF,39,8,20.2,3.1,7.5,.405,1.2,3.5,.326,1.9,4.0,.474,.481,1.1,1.4,.786,1.1,3.6,4.7,2.0,0.6,0.5,1.1,1.9,8.4,,wolfda01
233,Jose Alvarado,27,2TM,PG,44,0,21.8,3.0,7.0,.423,1.8,4.9,.372,1.2,2.2,.537,.552,0.5,0.7,.800,0.4,2.4,2.7,3.2,1.0,0.1,1.2,2.0,8.3,,alvarjo01
233,Jose Alvarado,27,NOP,PG,41,0,21.9,2.9,6.8,.418,1.7,4.7,.363,1.1,2.1,.540,.543,0.5,0.6,.833,0.4,2.4,2.8,3.1,0.9,0.1,1.1,2.0,7.9,,alvarjo01
233,Jose Alvarado,27,NYK,PG,3,0,20.7,4.7,10.0,.467,3.3,7.3,.455,1.3,2.7,.500,.633,1.3,2.0,.667,0.0,2.0,2.0,3.7,2.3,0.3,1.3,3.0,14.0,,alvarjo01
234,Quenton Jackson,27,IND,PG,26,10,15.9,2.7,5.7,.480,0.9,2.3,.407,1.8,3.4,.528,.561,1.9,2.5,.769,0.6,1.4,2.0,2.0,0.7,0.2,1.2,1.5,8.3,,jacksqu01
235,Gary Trent Jr.,27,MIL,SG,47,17,23.6,2.8,7.4,.384,2.0,5.4,.364,0.9,2.0,.441,.517,0.7,0.9,.780,0.1,1.0,1.1,1.5,0.6,0.1,0.6,1.3,8.3,,trentga02
236,Bradley Beal,32,LAC,SG,6,6,20.2,3.0,8.0,.375,1.2,3.2,.368,1.8,4.8,.379,.448,1.0,1.3,.750,0.3,0.5,0.8,1.7,0.5,0.0,1.5,2.3,8.2,,bealbr01
237,Moussa Diabaté,24,CHO,C,50,24,25.2,3.2,5.1,.632,0.0,0.0,.500,3.2,5.0,.633,.634,1.8,2.7,.662,3.7,5.0,8.6,1.6,0.7,1.0,0.9,2.4,8.2,,diabamo01
238,Ryan Kalkbrenner,24,CHO,C,43,27,22.9,3.5,4.6,.758,0.0,0.0,.000,3.5,4.6,.765,.758,1.3,1.9,.675,2.5,3.5,6.0,0.7,0.6,1.5,1.0,1.7,8.2,,kalkbry01
239,Luke Kennard,29,2TM,SG,50,1,20.8,2.9,5.3,.545,1.6,3.2,.494,1.3,2.1,.625,.695,0.7,0.8,.925,0.4,1.8,2.2,2.1,0.7,0.1,0.7,1.2,8.1,,kennalu01
239,Luke Kennard,29,ATL,SG,46,0,20.5,2.8,5.2,.538,1.6,3.2,.497,1.2,2.0,.604,.692,0.7,0.8,.914,0.4,1.7,2.2,2.1,0.7,0.1,0.7,1.2,7.9,,kennalu01
239,Luke Kennard,29,LAL,SG,4,1,24.0,3.8,6.0,.625,1.3,2.8,.455,2.5,3.3,.769,.729,1.3,1.3,1.000,0.8,2.3,3.0,2.8,0.8,0.0,0.8,2.0,10.0,,kennalu01
240,Ron Holland,20,DET,SF,49,5,20.7,3.0,7.2,.413,0.6,2.7,.229,2.3,4.5,.523,.456,1.6,2.0,.788,1.1,3.3,4.3,1.4,1.4,0.4,1.3,2.2,8.1,,hollaro01
241,Daniss Jenkins,24,DET,PG,44,7,16.9,2.9,6.8,.425,1.0,2.6,.381,1.9,4.2,.452,.497,1.3,1.7,.795,0.6,1.3,1.9,3.2,0.9,0.2,1.3,1.4,8.1,,jenkida01
242,Cason Wallace,22,OKC,SG,53,43,26.8,3.1,7.2,.424,1.3,3.8,.348,1.7,3.4,.511,.517,0.6,0.8,.738,0.8,2.2,3.1,2.2,2.1,0.3,0.9,1.9,8.1,,wallaca01
243,Kris Dunn,31,LAC,PG,54,48,27.5,3.0,6.2,.478,1.1,2.9,.372,1.9,3.4,.569,.564,0.9,1.2,.785,0.8,2.1,2.9,3.4,1.5,0.1,1.4,2.4,8.0,,dunnkr01
244,Daniel Gafford,27,DAL,C,38,28,21.4,3.1,4.9,.632,0.0,0.0,,3.1,4.9,.632,.632,1.9,2.5,.755,2.1,4.4,6.5,0.9,0.8,1.3,1.3,2.6,8.0,,gaffoda01
245,Buddy Hield,33,2TM,SG,45,3,17.2,2.9,6.7,.432,1.5,4.4,.342,1.4,2.3,.600,.543,0.6,0.8,.794,0.6,1.8,2.4,1.5,0.8,0.2,1.0,1.2,7.9,,hieldbu01
245,Buddy Hield,33,GSW,SG,44,3,17.5,3.0,6.8,.433,1.5,4.4,.344,1.4,2.4,.600,.545,0.6,0.8,.794,0.6,1.9,2.5,1.5,0.8,0.2,1.0,1.3,8.0,,hieldbu01
245,Buddy Hield,33,ATL,SG,1,0,5.0,0.0,1.0,.000,0.0,1.0,.000,0.0,0.0,,.000,0.0,0.0,,0.0,0.0,0.0,0.0,0.0,0.0,1.0,0.0,0.0,,hieldbu01
246,Bryce McGowens,23,NOP,SG,32,11,19.9,2.6,5.3,.480,0.9,2.0,.453,1.7,3.3,.495,.564,1.8,2.4,.766,0.3,1.6,1.9,1.5,0.6,0.2,0.5,2.0,7.9,,mcgowbr01
247,Collin Murray-Boyles,20,TOR,PF,43,19,22.2,3.3,6.0,.553,0.4,1.1,.348,2.9,4.9,.597,.584,0.9,1.4,.639,2.4,2.6,5.0,2.1,0.9,0.9,1.2,2.6,7.9,,murraco01
248,Justin Champagnie,24,WAS,SF,50,14,19.3,3.0,6.0,.500,0.7,2.2,.321,2.3,3.8,.603,.559,1.1,1.5,.757,2.2,3.6,5.8,1.1,0.8,0.6,0.6,1.5,7.8,,champju01
249,Luka Garza,27,BOS,C,45,4,16.7,2.8,4.8,.583,0.7,1.6,.438,2.1,3.2,.655,.656,1.4,1.8,.778,2.4,1.8,4.2,1.0,0.4,0.5,0.6,2.4,7.8,,garzalu01
250,Caris LeVert,31,DET,SG,36,0,19.6,2.8,6.5,.432,1.1,3.2,.342,1.7,3.3,.517,.515,1.1,1.6,.679,0.3,1.5,1.8,2.8,0.9,0.6,1.3,1.6,7.8,,leverca01
251,Vince Williams Jr.,25,2TM,PG,38,12,20.8,2.7,7.4,.359,1.4,4.4,.314,1.3,2.9,.429,.454,1.0,1.2,.804,1.0,2.9,3.9,4.2,0.7,0.4,1.8,2.0,7.7,,willivi01
251,Vince Williams Jr.,25,MEM,PG,34,12,21.6,2.7,7.8,.352,1.4,4.7,.308,1.3,3.1,.419,.445,1.1,1.4,.804,1.0,3.0,4.0,4.4,0.8,0.4,1.9,2.1,8.0,,willivi01
251,Vince Williams Jr.,25,UTA,SG,4,0,13.3,2.0,4.3,.471,1.0,2.5,.400,1.0,1.8,.571,.588,0.0,0.0,,1.0,2.3,3.3,2.8,0.3,0.5,1.0,1.3,5.0,,willivi01
252,Nikola Jović,22,MIA,PF,44,1,17.9,2.6,6.9,.370,1.0,3.7,.272,1.6,3.3,.483,.443,1.5,2.3,.687,0.6,2.9,3.5,2.3,0.6,0.4,1.5,1.4,7.7,,jovicni01
253,Quinten Post,25,GSW,PF,55,32,17.0,2.9,6.5,.439,1.5,4.3,.350,1.4,2.3,.605,.553,0.5,0.6,.813,0.9,2.9,3.8,1.4,0.4,0.5,0.7,1.9,7.7,,postqu01
254,Bogdan Bogdanović,33,LAC,SG,17,3,21.9,2.6,7.1,.372,1.4,4.4,.324,1.2,2.8,.447,.471,0.9,1.1,.842,0.3,2.5,2.8,2.6,0.5,0.1,1.3,2.4,7.6,,bogdabo01
255,Al Horford,39,GSW,C,34,5,20.6,2.8,6.6,.429,1.4,4.3,.338,1.4,2.3,.595,.538,0.5,0.6,.895,1.0,3.9,4.9,2.3,0.8,1.1,1.0,1.2,7.6,,horfoal01
256,Bruce Brown,29,DEN,SG,55,2,24.9,2.9,6.3,.462,0.6,1.6,.352,2.3,4.7,.500,.507,1.2,1.5,.771,1.2,2.8,4.0,2.1,1.1,0.3,1.0,2.5,7.5,,brownbr01
257,Terance Mann,29,BRK,SG,46,42,25.3,2.8,6.2,.451,0.8,2.5,.342,1.9,3.7,.524,.519,1.1,1.4,.813,1.2,2.1,3.3,3.4,0.7,0.2,1.2,2.5,7.5,,mannte01
258,Micah Potter,27,IND,C,22,3,18.5,2.3,5.0,.464,1.2,3.3,.375,1.1,1.7,.632,.586,1.7,1.9,.881,0.8,3.5,4.3,1.5,0.4,0.3,0.7,1.7,7.5,,pottemi01
259,Nolan Traoré,19,BRK,PG,31,8,21.0,2.7,6.7,.402,1.0,2.9,.337,1.7,3.9,.450,.474,1.1,1.4,.767,0.2,1.4,1.6,3.5,0.5,0.4,1.6,2.0,7.5,,traorno01
260,Tristan Vukcevic,22,WAS,C,33,3,11.9,2.6,5.6,.467,0.6,2.2,.274,2.0,3.4,.595,.522,1.7,2.2,.770,0.6,1.8,2.5,1.1,0.3,0.7,1.2,1.3,7.5,,vukcetr01
261,Kyle Anderson,32,2TM,SF,23,3,20.5,3.0,5.4,.556,0.1,0.2,.600,2.9,5.2,.555,.569,1.2,1.9,.651,1.0,2.5,3.4,2.8,1.2,0.6,1.0,2.5,7.3,,anderky01
261,Kyle Anderson,32,UTA,SF,20,0,20.1,2.9,5.5,.523,0.2,0.3,.600,2.7,5.2,.519,.537,1.3,1.9,.658,1.0,2.4,3.3,3.1,1.2,0.5,0.9,2.3,7.1,,anderky01
261,Kyle Anderson,32,MEM,SF,3,3,23.7,4.0,5.0,.800,0.0,0.0,,4.0,5.0,.800,.800,1.0,1.7,.600,1.0,3.3,4.3,1.0,1.7,1.3,2.0,3.7,9.0,,anderky01
262,Bones Hyland,25,MIN,PG,47,3,14.8,2.6,5.7,.466,1.3,3.5,.384,1.3,2.2,.598,.585,0.7,1.0,.711,0.3,1.4,1.7,2.6,0.6,0.2,0.9,1.7,7.3,,hylanbo01
263,Luke Kornet,30,SAS,C,44,22,22.9,2.9,4.5,.655,0.0,0.0,,2.9,4.5,.655,.655,1.5,1.9,.793,3.0,3.6,6.7,2.0,0.5,1.2,0.4,1.9,7.3,,kornelu01
264,Tyrese Martin,26,BRK,SG,37,6,18.8,2.7,6.9,.392,1.4,4.1,.336,1.3,2.8,.476,.492,0.5,0.7,.731,0.9,2.0,2.9,1.9,0.6,0.1,0.9,0.8,7.3,,martity01
265,Precious Achiuwa,26,SAC,C,48,32,20.3,3.0,6.0,.500,0.3,1.1,.296,2.7,4.9,.547,.528,0.8,1.5,.527,1.9,3.6,5.4,1.1,0.8,0.5,0.7,1.6,7.1,,achiupr01
266,Tre Mann,24,CHO,PG,34,1,16.0,2.7,7.3,.365,1.3,3.8,.331,1.4,3.5,.403,.452,0.5,0.6,.857,0.6,1.7,2.3,2.1,0.5,0.1,1.3,1.7,7.1,,manntr01
267,Jaden Hardy,23,2TM,SG,35,4,12.7,2.3,5.7,.403,1.4,3.7,.380,0.9,2.1,.444,.525,0.9,1.2,.786,0.3,1.1,1.4,0.9,0.3,0.1,0.8,1.1,7.0,,hardyja02
267,Jaden Hardy,23,DAL,SG,34,4,12.6,2.3,5.7,.402,1.4,3.6,.371,0.9,2.1,.457,.521,0.9,1.2,.775,0.3,1.1,1.4,0.9,0.3,0.1,0.8,1.1,6.9,,hardyja02
267,Jaden Hardy,23,WAS,SG,1,0,15.0,3.0,7.0,.429,3.0,5.0,.600,0.0,2.0,.000,.643,2.0,2.0,1.000,0.0,2.0,2.0,1.0,0.0,0.0,1.0,0.0,11.0,,hardyja02
268,Seth Curry,35,GSW,SG,2,0,16.0,3.0,4.5,.667,1.0,2.0,.500,2.0,2.5,.800,.778,0.0,0.0,,0.5,1.5,2.0,1.5,1.0,0.0,0.0,1.5,7.0,,curryse01
269,Javonte Green,32,DET,SG,53,4,18.5,2.3,5.2,.446,1.1,2.9,.359,1.3,2.3,.558,.547,1.3,1.6,.802,0.8,1.9,2.7,0.7,1.3,0.3,0.7,1.4,7.0,,greenja02
270,Kevin Love,37,UTA,PF,29,5,17.2,2.2,5.6,.399,1.4,3.9,.363,0.8,1.7,.480,.525,1.1,1.3,.838,1.7,4.2,5.9,1.7,0.3,0.3,0.8,1.6,7.0,,loveke01
271,Will Riley,19,WAS,SF,45,2,16.6,2.5,6.1,.412,0.8,2.4,.327,1.7,3.6,.470,.478,1.1,1.5,.773,0.8,1.4,2.2,1.4,0.6,0.1,0.9,0.9,7.0,,rileywi01
272,Kenrich Williams,31,OKC,PF,36,2,16.1,2.7,5.3,.511,1.0,2.4,.398,1.7,2.8,.608,.603,0.6,1.0,.629,1.0,2.5,3.5,1.6,0.6,0.1,0.8,1.1,7.0,,willike04
273,Walter Clayton,22,2TM,PG,47,0,18.3,2.3,5.9,.400,1.0,3.2,.298,1.4,2.6,.524,.482,1.3,1.4,.938,0.3,1.7,2.0,3.3,0.6,0.3,1.3,1.7,6.9,,claytwa01
273,Walter Clayton,22,UTA,PG,45,0,18.0,2.3,5.7,.398,1.0,3.2,.308,1.3,2.5,.513,.484,1.3,1.4,.935,0.3,1.6,2.0,3.2,0.5,0.3,1.3,1.7,6.8,,claytwa01
273,Walter Clayton,22,MEM,PG,2,0,25.0,4.0,9.5,.421,0.5,4.0,.125,3.5,5.5,.636,.447,1.0,1.0,1.000,0.0,3.5,3.5,5.5,2.0,0.0,2.5,1.5,9.5,,claytwa01
274,Jared McCain,21,2TM,SG,41,1,16.9,2.5,6.3,.392,1.2,3.2,.383,1.2,3.1,.402,.490,0.7,0.8,.871,0.2,1.9,2.1,1.6,0.6,0.0,0.9,1.2,6.9,,mccaija01
274,Jared McCain,21,PHI,SG,37,1,16.8,2.4,6.2,.385,1.2,3.2,.378,1.2,3.0,.393,.483,0.6,0.7,.880,0.2,1.9,2.0,1.7,0.6,0.1,0.8,1.2,6.6,,mccaija01
274,Jared McCain,21,OKC,SG,4,0,18.5,3.3,7.3,.448,1.5,3.5,.429,1.8,3.8,.467,.552,1.3,1.5,.833,1.0,2.0,3.0,1.0,0.5,0.0,1.5,1.3,9.3,,mccaija01
275,Jamaree Bouyea,26,PHO,PG,28,0,15.6,2.8,5.6,.503,0.6,1.9,.346,2.2,3.8,.581,.561,0.6,0.8,.727,0.5,1.5,1.9,1.8,0.7,0.4,0.6,0.8,6.9,,bouyeja01
276,Andre Drummond,32,PHI,C,40,19,19.8,2.7,5.4,.502,0.5,1.3,.373,2.3,4.2,.542,.546,1.0,1.6,.629,3.4,5.2,8.6,0.9,0.6,0.9,1.0,2.0,6.9,,drumman01
277,Jaxson Hayes,25,LAL,C,45,7,17.7,2.9,3.7,.772,0.0,0.0,1.000,2.8,3.7,.770,.778,1.1,1.7,.641,1.4,2.4,3.9,1.0,0.4,0.6,0.5,2.0,6.9,,hayesja02
278,Kobe Sanders,23,LAC,SG,46,11,21.1,2.5,5.7,.436,1.0,2.8,.370,1.5,3.0,.496,.525,0.9,1.1,.800,0.5,2.1,2.6,1.7,0.6,0.1,1.3,2.1,6.9,,sandeko01
279,Patrick Williams,24,CHI,PF,51,3,19.2,2.5,6.4,.385,1.3,3.5,.386,1.1,3.0,.384,.489,0.6,0.9,.688,0.7,2.2,2.9,1.3,0.6,0.3,0.9,1.3,6.9,,willipa01
280,Brook Lopez,37,LAC,C,47,12,18.6,2.4,6.1,.385,1.5,4.2,.348,0.9,1.9,.467,.505,0.6,0.7,.853,0.3,2.3,2.6,1.0,0.5,1.1,0.8,1.7,6.8,,lopezbr01
281,Jamal Shead,23,TOR,PG,55,7,22.3,2.3,6.4,.363,1.1,3.5,.321,1.2,2.9,.413,.450,1.1,1.4,.759,0.3,1.6,1.9,5.4,1.0,0.2,1.4,2.0,6.8,,sheadja01
282,Cole Anthony,25,MIL,PG,35,0,15.1,2.8,6.6,.424,0.6,2.1,.306,2.2,4.5,.478,.472,0.5,0.7,.615,0.5,2.0,2.5,3.5,0.6,0.3,1.9,2.1,6.7,,anthoco01
283,Ryan Nembhard,22,DAL,PG,38,17,18.8,2.8,6.4,.429,0.9,2.3,.379,1.9,4.2,.456,.496,0.3,0.3,.769,0.2,1.6,1.8,4.9,0.3,0.0,1.4,1.4,6.7,,nembhry01
284,Nique Clifford,23,SAC,SG,52,10,21.3,2.5,6.3,.393,0.8,2.7,.317,1.6,3.6,.449,.460,0.8,1.1,.712,0.8,2.3,3.1,1.7,0.7,0.3,1.2,1.9,6.6,,cliffni01
285,Will Richard,23,GSW,SG,49,15,19.1,2.4,5.0,.470,1.1,3.1,.351,1.3,1.9,.667,.579,0.8,0.9,.822,1.0,1.5,2.5,1.4,1.2,0.1,0.8,1.8,6.6,,richawi02
286,Nae'Qwan Tomlin,25,CLE,PF,44,2,17.0,2.6,5.4,.487,0.4,2.0,.218,2.2,3.4,.642,.527,0.9,1.2,.745,1.4,1.7,3.1,0.9,0.8,0.6,0.4,2.1,6.6,,tomlina01
287,Sidy Cissoko,21,POR,SF,50,24,22.3,2.2,5.3,.408,1.1,3.3,.327,1.1,2.0,.539,.509,1.0,1.5,.703,1.0,1.6,2.6,1.5,0.8,0.3,1.1,2.7,6.5,,cissosi01
288,Gradey Dick,22,TOR,SG,55,1,16.1,2.3,5.4,.424,0.9,2.8,.314,1.4,2.6,.542,.505,1.1,1.3,.873,0.6,1.5,2.2,0.7,0.7,0.1,0.6,1.4,6.5,,dickgr01
289,Ben Sheppard,24,IND,SG,44,14,21.3,2.3,5.7,.401,1.3,3.6,.346,1.0,2.1,.495,.510,0.6,0.8,.771,0.6,2.5,3.1,1.8,0.5,0.1,0.6,1.7,6.5,,sheppbe01
290,Isaiah Jackson,24,2TM,C,39,14,16.5,2.5,4.3,.587,0.0,0.0,.000,2.5,4.3,.590,.587,1.3,2.0,.675,2.2,3.2,5.4,0.8,0.7,0.7,1.1,2.8,6.4,,jacksis01
290,Isaiah Jackson,24,IND,C,38,14,16.8,2.5,4.3,.582,0.0,0.0,.000,2.5,4.3,.585,.582,1.3,1.9,.689,2.3,3.3,5.6,0.8,0.7,0.8,1.1,2.8,6.4,,jacksis01
290,Isaiah Jackson,24,LAC,C,1,0,5.0,2.0,2.0,1.000,0.0,0.0,,2.0,2.0,1.000,1.000,1.0,3.0,.333,0.0,1.0,1.0,0.0,0.0,0.0,0.0,0.0,5.0,,jacksis01
291,Olivier-Maxence Prosper,23,MEM,PF,29,1,13.7,2.1,4.3,.492,0.8,1.9,.418,1.3,2.4,.551,.585,1.4,1.6,.870,0.9,2.0,2.9,0.7,0.3,0.1,0.7,0.9,6.4,,prospol01
292,Grant Williams,27,CHO,PF,14,1,19.0,1.9,5.4,.360,1.0,3.7,.269,0.9,1.6,.565,.453,1.6,1.9,.815,1.2,2.8,4.0,1.6,0.4,0.3,0.7,1.4,6.4,,willigr01
293,Robert Williams,28,POR,C,38,1,16.3,2.9,3.8,.752,0.2,0.4,.438,2.7,3.4,.791,.776,0.5,0.7,.714,2.0,4.4,6.5,1.1,0.6,1.4,0.8,1.2,6.4,,williro04
294,Alex Caruso,31,OKC,SG,37,0,18.4,2.3,5.3,.434,1.1,3.2,.325,1.2,2.1,.605,.533,0.7,0.9,.781,0.5,2.1,2.6,2.0,1.4,0.4,0.8,1.2,6.3,,carusal01
295,Paul Reed,26,DET,C,38,7,12.8,2.7,4.5,.591,0.3,0.7,.385,2.4,3.8,.628,.620,0.7,1.2,.596,1.8,2.4,4.2,1.3,0.9,0.7,1.0,1.6,6.3,,reedpa01
296,Tidjane Salaün,20,CHO,PF,32,0,16.0,2.3,4.4,.514,1.0,2.2,.437,1.3,2.2,.592,.623,0.8,1.1,.706,0.8,3.6,4.3,0.8,0.4,0.2,0.8,1.5,6.3,,salauti01
297,Pat Spencer,29,GSW,PG,39,8,15.6,2.4,5.6,.436,0.8,2.0,.403,1.6,3.6,.454,.507,0.7,0.9,.765,0.7,1.6,2.3,3.2,0.7,0.1,1.2,1.1,6.3,,spencpa01
298,Julian Strawther,23,DEN,SG,32,4,13.8,2.2,4.8,.452,0.7,2.2,.319,1.5,2.7,.558,.523,1.3,1.6,.784,0.2,1.9,2.1,1.0,0.4,0.1,0.6,1.2,6.3,,strawju01
299,Jaylin Williams,23,OKC,PF,41,8,19.3,2.0,5.3,.378,1.2,3.8,.321,0.8,1.5,.525,.493,1.1,1.4,.763,0.6,4.3,4.9,2.5,0.6,0.7,1.0,2.0,6.3,,willija07
300,Drake Powell,20,BRK,SG,42,9,19.1,2.1,5.0,.431,0.8,2.5,.299,1.4,2.4,.569,.507,1.2,1.3,.891,0.3,1.4,1.7,1.5,0.5,0.2,1.0,1.4,6.2,,poweldr01
301,Ja'Kobe Walter,21,TOR,SG,45,10,18.4,2.2,5.0,.429,1.1,3.2,.350,1.0,1.8,.566,.540,0.8,1.0,.800,0.7,1.5,2.2,1.0,0.9,0.2,0.6,2.0,6.2,,walteja01
302,Trendon Watford,25,PHI,PF,32,5,16.6,2.5,4.8,.510,0.3,0.9,.345,2.2,3.9,.548,.542,1.0,1.3,.721,0.8,2.6,3.4,2.7,0.3,0.3,1.1,2.0,6.2,,watfotr01
303,Devin Carter,23,SAC,PG,20,1,13.4,2.2,5.6,.387,0.5,2.4,.188,1.7,3.2,.540,.428,1.4,1.7,.818,0.6,1.6,2.2,1.9,0.6,0.3,1.0,1.2,6.1,,cartede02
304,Kris Murray,25,POR,SF,34,11,25.7,2.3,5.1,.446,0.6,2.3,.256,1.7,2.9,.598,.503,0.9,1.2,.738,1.8,2.2,4.0,1.2,1.2,0.4,0.9,2.0,6.1,,murrakr01
305,Taurean Prince,31,MIL,SF,8,0,21.1,2.1,4.8,.447,1.5,3.5,.429,0.6,1.3,.500,.605,0.4,0.4,1.000,0.0,1.6,1.6,1.0,0.8,0.3,0.6,2.5,6.1,,princta02
306,Dru Smith,28,MIA,SG,55,1,17.2,2.1,5.0,.411,0.6,2.1,.307,1.4,2.9,.484,.475,1.4,1.7,.837,0.9,1.7,2.6,2.8,1.5,0.3,0.9,1.5,6.1,,smithdr01
307,Ryan Dunn,23,PHO,SF,48,11,19.5,2.4,5.4,.441,0.8,2.5,.325,1.6,2.9,.539,.515,0.4,0.7,.588,1.4,2.6,4.1,1.5,0.9,0.4,0.9,2.1,6.0,,dunnry01
308,Spencer Jones,24,DEN,SF,46,34,23.6,2.2,4.3,.505,1.0,2.5,.414,1.1,1.7,.638,.628,0.6,1.0,.622,1.1,2.0,3.1,0.8,0.9,0.4,0.6,2.8,6.0,,jonessp01
309,Daeqwon Plowden,27,SAC,SG,7,1,22.9,2.3,6.9,.333,0.9,4.6,.188,1.4,2.3,.625,.396,0.6,0.6,1.000,2.0,1.3,3.3,1.6,0.3,0.1,0.6,1.7,6.0,,plowdda01
310,KJ Simpson,23,CHO,PG,14,2,15.9,2.2,6.4,.348,0.9,2.8,.308,1.4,3.6,.380,.416,0.7,1.1,.625,0.4,1.7,2.1,2.5,1.1,0.0,1.7,1.0,6.0,,simpskj01
311,Javon Small,23,MEM,PG,20,0,14.9,2.1,5.3,.390,0.9,2.5,.360,1.2,2.8,.418,.476,1.0,1.3,.800,0.7,1.5,2.2,3.2,0.4,0.2,1.1,1.3,6.0,,smallja01
312,Goga Bitadze,26,ORL,C,42,1,16.0,2.5,3.6,.687,0.0,0.2,.200,2.4,3.3,.721,.693,0.9,1.2,.731,2.1,3.0,5.0,1.2,0.7,1.2,0.5,2.1,5.9,,bitadgo01
313,Cody Williams,21,UTA,SG,42,16,19.5,2.5,5.2,.482,0.4,1.6,.232,2.1,3.6,.596,.518,0.5,0.8,.625,0.9,1.5,2.3,0.9,0.6,0.4,0.6,1.8,5.9,,willico04
314,Mac McClung,27,2TM,SG,4,0,11.8,2.3,6.3,.360,0.5,3.0,.167,1.8,3.3,.538,.400,0.8,1.0,.750,0.0,1.3,1.3,0.5,1.3,0.5,0.8,2.0,5.8,,mccluma01
314,Mac McClung,27,IND,SG,3,0,11.3,2.3,6.0,.389,0.7,3.3,.200,1.7,2.7,.625,.444,1.0,1.3,.750,0.0,1.3,1.3,0.3,1.7,0.3,0.7,2.0,6.3,,mccluma01
314,Mac McClung,27,CHI,SG,1,0,13.0,2.0,7.0,.286,0.0,2.0,.000,2.0,5.0,.400,.286,0.0,0.0,,0.0,1.0,1.0,1.0,0.0,1.0,1.0,2.0,4.0,,mccluma01
315,Steven Adams,32,HOU,C,32,11,22.8,2.2,4.3,.504,0.0,0.0,,2.2,4.3,.504,.504,1.5,2.5,.580,4.5,4.1,8.6,1.5,0.7,0.6,1.1,1.7,5.8,,adamsst01
316,Sharife Cooper,24,WAS,PG,12,0,14.3,2.3,4.3,.538,0.8,1.6,.474,1.6,2.8,.576,.625,0.4,0.6,.714,0.3,1.9,2.3,1.9,0.3,0.2,1.5,1.3,5.8,,coopesh01
317,Josh Minott,23,BOS,PF,33,10,15.9,2.1,4.1,.507,1.0,2.3,.442,1.1,1.8,.593,.632,0.6,0.8,.769,1.2,2.4,3.6,1.0,0.7,0.4,0.6,1.5,5.8,,minotjo01
318,Nick Smith Jr.,21,LAL,SG,25,1,12.7,2.2,5.3,.421,1.1,2.8,.391,1.2,2.6,.453,.523,0.3,0.4,.636,0.1,0.7,0.8,1.1,0.4,0.1,0.8,1.0,5.8,,smithni01
319,Dean Wade,29,CLE,PF,43,22,22.8,2.0,4.7,.417,1.2,3.5,.340,0.8,1.3,.630,.542,0.6,0.8,.750,0.8,3.3,4.1,1.6,0.8,0.4,0.3,1.6,5.8,,wadede01
320,Aaron Holiday,29,HOU,PG,35,1,13.3,1.9,4.6,.404,1.2,3.1,.389,0.7,1.5,.434,.534,0.8,0.9,.848,0.2,0.7,0.9,1.0,0.5,0.1,0.6,1.3,5.7,,holidaa01
321,Gui Santos,23,GSW,PF,44,9,14.7,2.2,4.2,.519,0.8,2.3,.370,1.3,1.9,.699,.620,0.6,0.9,.625,0.8,2.1,2.9,1.5,0.7,0.3,1.0,1.6,5.7,,santogu01
322,Kasparas Jakučionis,19,MIA,PG,29,8,17.0,1.8,4.4,.398,1.3,2.8,.451,0.5,1.6,.304,.543,0.8,0.9,.889,0.8,1.6,2.4,2.4,0.7,0.1,0.9,2.0,5.6,,jakucka01
323,Sion James,23,CHO,SG,55,18,23.9,1.7,4.6,.378,1.0,2.7,.365,0.7,1.9,.398,.486,1.2,1.4,.855,0.6,2.9,3.4,1.9,0.5,0.3,0.9,1.8,5.6,,jamessi01
324,Yves Missi,21,NOP,C,47,7,19.3,2.4,4.5,.538,0.0,0.0,.000,2.4,4.4,.541,.538,0.8,1.4,.569,2.9,2.7,5.6,1.2,0.3,1.4,0.8,1.7,5.6,,missiyv01
325,Jordan Walsh,21,BOS,PF,48,20,18.5,2.1,4.1,.513,0.7,1.8,.372,1.5,2.4,.619,.593,0.7,0.9,.778,1.5,2.9,4.3,0.9,0.9,0.5,0.5,2.2,5.6,,walshjo01
326,Blake Wesley,22,POR,SG,13,0,15.5,2.2,5.2,.433,0.5,1.7,.318,1.7,3.5,.489,.485,0.6,1.2,.500,0.5,1.5,1.9,3.0,1.0,0.1,1.2,1.3,5.6,,weslebl01
327,Keon Ellis,26,2TM,SG,47,5,17.9,1.9,4.8,.396,1.2,3.4,.365,0.7,1.4,.471,.524,0.4,0.7,.618,0.4,1.1,1.4,0.7,1.1,0.5,0.5,1.6,5.5,,elliske01
327,Keon Ellis,26,SAC,SG,43,5,17.6,1.9,4.9,.397,1.2,3.3,.368,0.7,1.5,.462,.524,0.5,0.7,.625,0.3,0.9,1.3,0.6,1.1,0.5,0.5,1.6,5.6,,elliske01
327,Keon Ellis,26,CLE,SG,4,0,20.8,1.8,4.5,.389,1.3,3.8,.333,0.5,0.8,.667,.528,0.3,0.5,.500,0.5,2.8,3.3,1.8,1.8,0.8,1.0,1.5,5.0,,elliske01
328,Eric Gordon,37,PHI,SG,6,0,12.3,2.0,3.5,.571,1.3,2.3,.571,0.7,1.2,.571,.762,0.2,0.3,.500,0.2,0.2,0.3,0.5,0.7,0.2,0.5,0.5,5.5,,gordoer01
329,Oso Ighodaro,23,PHO,PF,55,7,20.0,2.5,3.9,.631,0.0,0.0,.000,2.5,3.9,.634,.631,0.6,1.3,.493,1.5,3.0,4.5,1.8,0.9,0.6,1.2,2.5,5.5,,ighodos01
330,Taylor Hendricks,22,2TM,PF,37,6,15.6,1.9,4.4,.441,0.8,2.3,.337,1.1,2.0,.560,.531,0.8,1.1,.667,0.9,2.3,3.2,0.8,0.5,0.2,0.6,1.4,5.4,,hendrta01
330,Taylor Hendricks,22,UTA,PF,33,6,14.9,1.8,3.9,.453,0.7,2.1,.343,1.0,1.8,.586,.547,0.7,1.0,.719,0.9,2.1,3.0,0.7,0.4,0.2,0.6,1.2,4.9,,hendrta01
330,Taylor Hendricks,22,MEM,PF,4,0,21.8,3.3,8.3,.394,1.3,4.0,.313,2.0,4.3,.471,.470,1.3,2.5,.500,0.8,3.8,4.5,1.3,1.3,0.0,1.0,3.0,9.0,,hendrta01
331,Dylan Cardwell,24,SAC,C,29,1,21.2,2.3,3.9,.598,0.0,0.0,.000,2.3,3.8,.604,.598,0.8,1.4,.550,3.1,4.6,7.7,1.2,0.8,1.6,0.8,3.7,5.4,,cardwdy01
332,Jalen Pickett,26,DEN,SG,39,18,17.6,2.1,5.0,.415,1.0,2.7,.374,1.1,2.3,.466,.518,0.3,0.3,.909,0.5,2.2,2.6,2.5,0.3,0.1,0.7,1.0,5.4,,pickeja02
333,Marcus Sasser,25,DET,PG,17,0,9.8,1.9,4.1,.464,1.1,2.6,.409,0.8,1.5,.560,.594,0.6,0.6,.909,0.1,0.8,0.9,1.9,0.6,0.1,0.7,0.8,5.4,,sassema01
334,Jalen Wilson,25,BRK,PF,35,0,14.7,1.7,4.6,.364,1.0,2.8,.354,0.7,1.8,.381,.472,1.0,1.3,.761,0.2,1.4,1.6,0.6,0.4,0.1,0.5,1.3,5.4,,wilsoja03
335,Gary Payton II,33,GSW,SG,50,1,13.1,2.3,4.4,.532,0.4,1.4,.309,1.9,3.0,.632,.580,0.2,0.3,.571,1.2,2.0,3.1,1.6,0.6,0.3,0.9,1.6,5.3,,paytoga02
336,Jevon Carter,30,2TM,PG,24,0,10.8,1.7,4.4,.387,1.3,3.3,.400,0.4,1.1,.346,.538,0.4,0.4,1.000,0.2,0.9,1.1,0.8,0.5,0.1,0.5,0.8,5.2,,carteje01
336,Jevon Carter,30,CHI,PG,23,0,11.0,1.8,4.5,.398,1.4,3.4,.410,0.4,1.1,.360,.553,0.4,0.4,1.000,0.2,0.9,1.1,0.8,0.6,0.1,0.5,0.8,5.4,,carteje01
336,Jevon Carter,30,ORL,PG,1,0,4.0,0.0,3.0,.000,0.0,2.0,.000,0.0,1.0,.000,.000,0.0,0.0,,0.0,1.0,1.0,0.0,0.0,0.0,0.0,0.0,0.0,,carteje01
337,Thomas Bryant,28,CLE,C,39,0,10.5,1.9,3.7,.510,0.7,1.9,.347,1.2,1.7,.691,.601,0.8,1.0,.842,0.8,2.1,2.9,0.6,0.2,0.4,0.4,1.2,5.2,,bryanth01
338,Garrison Mathews,29,IND,SG,15,1,13.1,1.4,3.5,.404,1.1,3.1,.370,0.3,0.4,.667,.567,1.3,1.5,.826,0.1,1.0,1.1,0.7,0.4,0.2,0.2,1.3,5.2,,mathega01
339,Josh Okogie,27,HOU,SG,52,29,19.6,1.8,4.2,.438,0.9,2.3,.388,0.9,1.9,.500,.546,0.6,1.1,.600,1.2,1.6,2.8,0.9,0.9,0.2,0.7,1.6,5.2,,okogijo01
340,Drew Eubanks,28,SAC,C,32,11,13.4,2.2,3.6,.605,0.0,0.2,.200,2.1,3.4,.624,.610,0.8,1.3,.558,0.8,1.8,2.6,0.3,0.4,0.6,0.8,1.3,5.1,,eubandr01
341,Johnny Furphy,21,IND,SG,35,21,18.4,2.0,4.3,.470,0.7,2.0,.324,1.3,2.2,.603,.547,0.5,1.0,.486,0.9,3.5,4.4,1.2,0.6,0.2,0.8,1.9,5.1,,furphjo01
342,Asa Newell,20,ATL,PF,39,1,11.3,2.0,3.8,.537,0.7,1.7,.397,1.3,2.0,.658,.629,0.4,0.6,.560,0.9,1.1,2.1,0.5,0.4,0.3,0.5,1.6,5.1,,newelas01
343,Jase Richardson,20,ORL,SG,39,0,12.1,1.9,4.0,.471,0.6,1.7,.373,1.2,2.3,.545,.552,0.7,0.9,.730,0.5,0.8,1.3,1.2,0.3,0.1,0.6,1.1,5.1,,richaja02
344,Ben Saraf,19,BRK,SG,22,5,17.5,1.7,5.1,.336,0.5,2.2,.250,1.2,3.0,.400,.389,1.1,1.5,.727,0.3,1.3,1.6,2.7,0.8,0.2,1.8,1.3,5.1,,sarafbe01
345,Jarred Vanderbilt,26,LAL,PF,45,3,19.3,1.9,4.1,.473,0.5,1.8,.304,1.4,2.3,.600,.538,0.7,1.0,.638,1.4,3.6,5.0,1.3,1.0,0.4,1.0,1.8,5.1,,vandeja01
346,PJ Hall,23,2TM,C,16,2,10.7,1.8,3.2,.569,0.2,0.3,.600,1.6,2.9,.565,.598,1.2,1.6,.760,1.7,2.2,3.9,0.4,0.1,0.6,0.8,1.1,5.0,,hallpj01
346,PJ Hall,23,MEM,C,7,0,3.9,0.7,1.3,.556,0.1,0.4,.333,0.6,0.9,.667,.611,0.3,0.4,.667,0.4,0.9,1.3,0.3,0.0,0.3,0.1,0.4,1.9,,hallpj01
346,PJ Hall,23,CHO,C,9,2,16.0,2.7,4.7,.571,0.2,0.2,1.000,2.4,4.4,.550,.595,1.9,2.4,.773,2.7,3.2,5.9,0.6,0.2,0.8,1.2,1.7,7.4,,hallpj01
347,Yuki Kawamura,24,CHI,PG,4,0,19.0,1.3,4.3,.294,1.0,3.3,.308,0.3,1.0,.250,.412,1.5,1.5,1.000,0.8,3.3,4.0,5.5,1.3,0.0,1.0,1.0,5.0,,kawamyu01
348,Pete Nance,25,MIL,PF,23,0,10.7,2.0,3.3,.613,1.0,1.9,.535,1.0,1.4,.719,.767,0.0,0.0,,0.5,1.6,2.0,0.6,0.3,0.2,0.4,0.8,5.0,,nancepe01
349,Kadary Richmond,24,WAS,SG,1,0,6.0,2.0,2.0,1.000,1.0,1.0,1.000,1.0,1.0,1.000,1.250,0.0,0.0,,1.0,1.0,2.0,1.0,1.0,1.0,0.0,0.0,5.0,,richmka01
350,Mitchell Robinson,27,NYK,C,39,14,19.6,2.1,3.1,.697,0.0,0.0,,2.1,3.1,.697,.697,0.7,1.8,.408,4.5,4.4,8.9,1.0,0.8,1.2,0.6,2.4,5.0,,robinmi01
351,Ethan Thompson,26,IND,SG,22,5,16.0,1.8,4.6,.382,1.0,3.0,.318,0.8,1.6,.500,.485,0.5,0.7,.688,0.5,1.3,1.8,1.5,0.6,0.3,0.5,2.0,5.0,,thompet01
352,Matisse Thybulle,28,POR,SG,4,0,12.3,1.5,2.5,.600,1.0,1.5,.667,0.5,1.0,.500,.800,1.0,1.0,1.000,0.0,1.0,1.0,0.8,2.5,0.0,0.3,1.8,5.0,,thybuma01
353,Jamir Watkins,24,WAS,SG,27,4,18.2,1.8,4.4,.400,0.6,2.4,.234,1.2,2.1,.589,.463,0.9,1.2,.697,1.0,2.6,3.6,0.8,0.8,0.5,0.6,2.5,5.0,,watkija01
354,Branden Carlson,26,OKC,C,34,2,11.0,2.0,3.8,.523,0.6,1.7,.356,1.4,2.1,.662,.604,0.3,0.5,.529,0.6,2.0,2.6,0.6,0.2,0.5,0.4,0.9,4.9,,carlsbr01
355,Mouhamed Gueye,23,ATL,PF,53,5,16.3,1.9,4.3,.445,0.5,1.8,.289,1.4,2.5,.562,.507,0.6,1.0,.627,1.3,2.4,3.7,1.0,0.8,0.5,0.5,1.7,4.9,,gueyemo02
356,Tyler Kolek,24,NYK,PG,48,1,13.3,1.9,4.6,.423,0.8,2.1,.364,1.2,2.5,.471,.505,0.3,0.4,.667,0.3,1.6,1.9,2.9,0.4,0.1,1.1,1.3,4.9,,kolekty01
357,Karlo Matković,24,NOP,PF,43,2,12.9,2.0,3.4,.603,0.5,1.2,.434,1.5,2.2,.699,.682,0.2,0.4,.588,0.8,2.3,3.2,0.7,0.3,0.7,0.5,1.5,4.9,,matkoka01
358,Tyrese Proctor,21,CLE,PG,39,1,10.4,1.7,4.3,.391,0.9,2.6,.350,0.8,1.7,.455,.497,0.6,0.7,.852,0.2,0.9,1.1,1.4,0.4,0.0,0.7,1.1,4.9,,proctty01
359,Noah Penda,21,ORL,SF,38,2,13.7,1.8,4.1,.435,0.7,1.7,.385,1.1,2.3,.472,.516,0.7,1.0,.641,1.5,2.2,3.7,1.2,0.6,0.4,0.8,1.3,4.8,,pendano01
360,Tolu Smith,25,DET,PF,6,0,11.7,1.3,3.0,.444,0.0,0.0,,1.3,3.0,.444,.444,2.2,3.0,.722,2.0,3.2,5.2,1.0,0.3,0.8,0.8,1.5,4.8,,smithto05
361,Gabe Vincent,29,2TM,PG,30,7,19.3,1.5,4.5,.338,1.3,3.6,.355,0.3,1.0,.276,.478,0.3,0.4,.909,0.3,0.7,0.9,1.4,0.6,0.0,0.4,1.8,4.7,,vincega01
361,Gabe Vincent,29,LAL,PG,29,7,19.3,1.6,4.5,.346,1.3,3.6,.369,0.2,0.9,.259,.492,0.3,0.4,.909,0.2,0.7,0.9,1.3,0.5,0.0,0.4,1.8,4.8,,vincega01
361,Gabe Vincent,29,ATL,PG,1,0,19.0,1.0,6.0,.167,0.0,4.0,.000,1.0,2.0,.500,.167,0.0,0.0,,1.0,0.0,1.0,4.0,3.0,0.0,0.0,1.0,2.0,,vincega01
362,Justin Edwards,22,PHI,SF,41,5,14.4,1.7,4.2,.398,0.9,2.7,.336,0.8,1.5,.508,.506,0.5,0.6,.913,0.4,1.1,1.5,1.1,0.7,0.2,0.6,1.6,4.7,,edwarju01
363,Jett Howard,22,ORL,SF,33,0,10.4,1.6,4.1,.390,0.9,2.6,.337,0.7,1.5,.480,.496,0.6,0.7,.913,0.3,0.9,1.3,0.8,0.2,0.1,0.2,0.9,4.7,,howarje01
364,Craig Porter Jr.,25,CLE,PG,49,2,17.9,1.9,4.1,.458,0.5,1.4,.377,1.3,2.7,.500,.522,0.4,0.7,.545,1.4,2.1,3.4,3.2,1.0,0.6,0.9,1.1,4.7,,portecr01
365,Ousmane Dieng,22,2TM,C,30,1,12.0,1.7,3.9,.448,0.9,2.2,.400,0.9,1.7,.510,.560,0.3,0.3,.800,0.3,1.6,1.9,1.1,0.1,0.4,0.3,0.9,4.6,,diengou01
365,Ousmane Dieng,22,OKC,C,27,0,10.9,1.4,3.4,.418,0.7,1.8,.367,0.7,1.6,.476,.516,0.2,0.2,1.000,0.3,1.3,1.6,1.0,0.1,0.3,0.3,0.8,3.7,,diengou01
365,Ousmane Dieng,22,MIL,C,3,1,21.3,4.7,8.3,.560,2.7,5.3,.500,2.0,3.0,.667,.720,0.7,1.3,.500,0.3,4.7,5.0,2.0,0.7,1.3,0.0,2.0,12.7,,diengou01
366,Lonzo Ball,28,CLE,PG,35,3,20.8,1.5,5.0,.301,1.1,4.2,.272,0.4,0.8,.448,.415,0.4,0.6,.667,0.7,3.3,4.0,3.9,1.3,0.3,1.5,1.3,4.6,,balllo01
367,Malaki Branham,22,WAS,SG,28,0,9.8,1.5,3.3,.473,0.5,1.3,.378,1.0,1.9,.537,.549,1.0,1.2,.824,0.4,1.1,1.6,0.8,0.4,0.1,0.5,0.8,4.6,,branhma01
368,Josh Green,25,CHO,SG,31,0,16.1,1.5,3.4,.462,1.1,2.4,.440,0.5,0.9,.517,.620,0.5,0.5,.875,0.9,1.0,1.9,1.0,0.6,0.1,0.6,1.1,4.6,,greenjo02
369,Dalton Knecht,24,LAL,SF,43,1,11.4,1.8,4.0,.447,0.7,2.3,.306,1.1,1.7,.639,.535,0.3,0.5,.700,0.3,1.2,1.5,0.3,0.2,0.2,0.4,0.9,4.6,,knechda01
370,Jeremiah Robinson-Earl,25,2TM,PF,22,3,16.4,1.7,4.5,.370,0.5,1.9,.244,1.2,2.7,.458,.420,0.8,0.8,.944,1.6,3.0,4.7,0.7,0.4,0.0,0.5,1.2,4.6,,robinje02
370,Jeremiah Robinson-Earl,25,IND,PF,17,3,17.6,1.7,4.9,.349,0.5,1.9,.242,1.2,2.9,.420,.398,0.8,0.8,.929,1.9,3.3,5.2,0.7,0.4,0.1,0.6,1.4,4.6,,robinje02
370,Jeremiah Robinson-Earl,25,DAL,PF,5,0,12.2,1.6,3.4,.471,0.4,1.6,.250,1.2,1.8,.667,.529,0.8,0.8,1.000,0.8,2.2,3.0,0.6,0.4,0.0,0.4,0.6,4.4,,robinje02
371,DeAndre Jordan,37,NOP,C,2,1,11.5,2.0,2.5,.800,0.0,0.0,,2.0,2.5,.800,.800,0.5,1.0,.500,2.0,3.0,5.0,0.0,0.0,0.0,0.5,0.5,4.5,,jordade01
372,Terrence Shannon Jr.,25,MIN,SG,22,0,12.8,1.5,3.7,.395,0.7,1.7,.405,0.8,2.0,.386,.488,1.0,1.2,.778,0.3,1.0,1.3,0.6,0.3,0.0,0.7,1.3,4.5,,shannte01
373,Nicolas Batum,37,LAC,PF,51,4,19.5,1.4,3.6,.397,1.4,3.4,.394,0.1,0.2,.444,.584,0.2,0.2,.818,0.4,2.3,2.6,0.8,0.7,0.4,0.7,1.5,4.4,,batumni01
374,Mike Conley,38,MIN,PG,44,9,18.5,1.3,4.0,.322,1.0,3.0,.321,0.3,1.0,.326,.443,0.9,1.0,.891,0.3,1.4,1.8,2.9,0.6,0.3,0.6,1.5,4.4,,conlemi01
375,RayJ Dennis,24,3TM,PG,15,0,11.8,1.5,4.9,.301,0.8,2.6,.308,0.7,2.3,.294,.384,0.5,0.6,.889,0.5,1.0,1.5,2.0,0.3,0.3,1.0,1.1,4.3,,dennira01
375,RayJ Dennis,24,IND,PG,13,0,12.9,1.7,5.5,.306,0.9,2.9,.316,0.8,2.6,.294,.389,0.6,0.7,.889,0.6,1.0,1.6,2.0,0.2,0.3,1.1,1.2,4.9,,dennira01
375,RayJ Dennis,24,LAC,PG,1,0,4.0,0.0,0.0,,0.0,0.0,,0.0,0.0,,,0.0,0.0,,0.0,2.0,2.0,0.0,0.0,0.0,1.0,0.0,0.0,,dennira01
375,RayJ Dennis,24,ATL,PG,1,0,5.0,0.0,1.0,.000,0.0,1.0,.000,0.0,0.0,,.000,0.0,0.0,,0.0,0.0,0.0,4.0,1.0,0.0,0.0,1.0,0.0,,dennira01
376,Jordan Hawkins,23,NOP,SG,36,0,13.8,1.6,4.8,.326,0.8,2.7,.313,0.7,2.1,.342,.413,0.4,0.5,.778,0.4,1.3,1.7,0.8,0.2,0.2,0.6,0.6,4.3,,hawkijo01
377,Skal Labissière,29,WAS,PF,3,0,12.7,2.0,3.3,.600,0.3,1.7,.200,1.7,1.7,1.000,.650,0.0,0.0,,1.0,2.0,3.0,1.0,0.7,0.3,0.3,1.0,4.3,,labissk01
378,Dereck Lively II,21,DAL,C,7,4,16.4,1.6,2.6,.611,0.0,0.0,,1.6,2.6,.611,.611,1.1,1.4,.800,2.0,3.3,5.3,1.9,0.6,1.6,1.4,3.0,4.3,,livelde01
379,Micah Peavy,24,NOP,SG,46,1,15.1,1.8,4.8,.382,0.5,1.9,.239,1.4,2.9,.477,.430,0.2,0.3,.733,0.8,1.2,2.0,1.0,0.7,0.1,0.3,1.5,4.3,,peavymi01
380,Trayce Jackson-Davis,25,2TM,C,38,1,11.5,1.6,2.8,.579,0.0,0.0,1.000,1.6,2.8,.575,.584,0.9,1.6,.565,1.5,1.8,3.3,0.9,0.4,0.5,0.5,1.1,4.2,,jackstr02
380,Trayce Jackson-Davis,25,GSW,C,36,1,11.4,1.7,2.8,.588,0.0,0.0,1.000,1.6,2.8,.584,.593,0.8,1.4,.558,1.3,1.8,3.1,0.9,0.4,0.5,0.5,1.1,4.2,,jackstr02
380,Trayce Jackson-Davis,25,TOR,C,2,0,12.5,1.0,2.5,.400,0.0,0.0,,1.0,2.5,.400,.400,3.0,5.0,.600,4.5,2.0,6.5,1.0,1.0,0.5,0.5,0.0,5.0,,jackstr02
381,Ochai Agbaji,25,2TM,SG,43,13,15.5,1.7,4.0,.416,0.3,1.5,.185,1.4,2.5,.556,.451,0.6,0.7,.862,0.8,1.5,2.3,0.7,0.4,0.3,0.4,1.7,4.2,,agbajoc01
381,Ochai Agbaji,25,TOR,SG,42,13,15.5,1.7,4.0,.424,0.3,1.5,.185,1.4,2.5,.571,.459,0.6,0.7,.862,0.8,1.5,2.3,0.7,0.4,0.3,0.5,1.8,4.3,,agbajoc01
381,Ochai Agbaji,25,BRK,SG,1,0,16.0,0.0,3.0,.000,0.0,0.0,,0.0,3.0,.000,.000,0.0,0.0,,3.0,3.0,6.0,2.0,0.0,1.0,0.0,0.0,0.0,,agbajoc01
382,Adem Bona,22,PHI,C,45,4,16.3,1.5,2.6,.580,0.0,0.1,.400,1.5,2.5,.588,.588,1.1,1.6,.676,1.8,2.1,3.9,0.2,0.4,1.3,0.8,2.2,4.2,,bonaad01
383,Myron Gardner,24,MIA,SF,26,4,9.8,1.5,3.2,.464,0.7,1.7,.400,0.8,1.5,.538,.571,0.5,0.7,.722,1.0,2.0,3.0,1.0,0.5,0.2,0.2,1.7,4.2,,gardnmy01
384,Zeke Nnaji,25,DEN,PF,39,2,12.8,1.5,3.2,.488,0.3,1.0,.275,1.3,2.1,.590,.533,0.8,1.0,.825,0.7,2.0,2.8,0.5,0.3,0.5,0.5,1.3,4.2,,nnajize01
385,Rob Dillingham,21,2TM,PG,38,0,10.5,1.6,4.5,.353,0.3,1.0,.333,1.2,3.4,.359,.391,0.6,0.7,.778,0.2,1.2,1.4,1.8,0.7,0.1,1.1,1.1,4.1,,dilliro01
385,Rob Dillingham,21,MIN,PG,35,0,9.3,1.3,4.0,.333,0.3,0.9,.364,1.0,3.1,.324,.376,0.4,0.6,.750,0.1,1.0,1.2,1.7,0.5,0.1,1.0,1.0,3.5,,dilliro01
385,Rob Dillingham,21,CHI,PG,3,0,24.7,4.3,9.7,.448,0.3,2.0,.167,4.0,7.7,.522,.466,2.0,2.3,.857,1.0,2.7,3.7,4.0,2.0,0.0,2.3,2.3,11.0,,dilliro01
386,Liam McNeeley,20,CHO,SF,28,0,12.2,1.2,3.1,.386,0.8,2.1,.379,0.4,1.1,.400,.511,0.9,1.1,.806,0.4,1.8,2.1,0.8,0.2,0.1,0.4,1.3,4.1,,mcneeli01
387,Jeremy Sochan,22,SAS,PF,28,0,12.8,1.7,3.5,.475,0.3,1.3,.257,1.4,2.3,.594,.520,0.4,0.6,.688,0.9,1.7,2.6,1.0,0.4,0.2,0.6,1.8,4.1,,sochaje01
388,Tony Bradley,28,IND,C,38,3,10.9,1.6,2.8,.557,0.0,0.1,.500,1.5,2.7,.558,.561,0.8,1.1,.744,1.5,1.3,2.8,0.5,0.2,0.2,0.4,1.6,4.0,,bradlto01
389,Brandon Clarke,29,MEM,PF,2,2,10.0,1.5,4.5,.333,0.0,0.0,,1.5,4.5,.333,.333,1.0,2.0,.500,2.0,1.0,3.0,0.5,1.0,0.0,0.0,2.5,4.0,,clarkbr01
390,Doug McDermott,34,SAC,SF,11,0,10.1,1.4,3.5,.395,1.3,3.4,.378,0.1,0.1,1.000,.579,0.0,0.0,,0.1,0.6,0.7,0.3,0.2,0.1,0.5,0.6,4.0,,mcderdo01
391,Nick Richards,28,2TM,C,31,2,10.3,1.5,2.9,.495,0.1,0.1,.667,1.4,2.8,.489,.505,0.9,1.3,.707,1.4,2.1,3.5,0.3,0.2,0.6,1.0,1.6,3.9,,richani01
391,Nick Richards,28,PHO,C,28,2,9.1,1.3,2.5,.493,0.0,0.0,,1.3,2.5,.493,.493,0.7,1.0,.679,1.3,2.0,3.3,0.3,0.1,0.5,0.9,1.4,3.2,,richani01
391,Nick Richards,28,CHI,C,3,0,22.0,3.3,6.7,.500,0.7,1.0,.667,2.7,5.7,.471,.550,3.3,4.3,.769,2.3,3.3,5.7,0.3,1.0,1.7,2.0,3.3,10.7,,richani01
392,DaRon Holmes,23,DEN,PF,15,6,11.7,1.3,2.9,.442,0.9,2.3,.412,0.3,0.6,.556,.605,0.4,0.5,.750,0.3,1.3,1.6,1.0,0.0,0.3,0.3,1.1,3.9,,holmeda01
393,Jahmai Mashack,23,MEM,SG,12,2,11.8,1.7,3.8,.435,0.6,1.9,.304,1.1,1.9,.565,.511,0.0,0.0,,0.3,1.0,1.3,1.0,1.4,0.1,0.8,1.2,3.9,,mashaja01
394,Keaton Wallace,26,ATL,PG,40,2,11.2,1.4,3.4,.419,0.9,2.1,.405,0.6,1.3,.442,.544,0.2,0.3,.545,0.1,1.1,1.2,2.0,0.5,0.1,0.6,1.0,3.9,,wallake01
395,Jaylen Clark,24,MIN,SG,53,0,13.4,1.4,3.2,.427,0.4,1.4,.292,1.0,1.9,.525,.488,0.7,1.1,.627,0.9,1.0,1.9,0.6,0.7,0.2,0.3,1.4,3.8,,clarkja02
396,Hugo González,19,BOS,SF,49,2,15.2,1.5,3.3,.460,0.5,1.6,.329,1.0,1.8,.575,.537,0.2,0.4,.476,0.9,2.5,3.3,0.6,0.6,0.2,0.6,1.8,3.8,,gonzahu01
397,A.J. Lawson,25,TOR,SG,13,0,8.4,1.2,3.2,.390,0.6,1.7,.364,0.6,1.5,.421,.488,0.7,0.7,1.000,0.5,1.2,1.8,0.2,0.3,0.2,0.3,1.2,3.8,,lawsoaj01
398,Baylor Scheierman,25,BOS,SG,49,8,14.4,1.3,3.0,.449,0.9,2.2,.394,0.5,0.8,.605,.595,0.2,0.3,.857,0.5,2.3,2.8,1.0,0.6,0.1,0.4,1.4,3.8,,scheiba01
399,Clint Capela,31,HOU,C,47,1,11.8,1.6,3.1,.528,0.0,0.0,,1.6,3.1,.528,.528,0.4,0.8,.553,2.1,2.4,4.5,0.6,0.5,0.8,0.4,0.9,3.7,,capelca01
400,Moussa Cisse,23,DAL,C,30,1,12.0,1.4,2.3,.609,0.0,0.0,,1.4,2.3,.609,.609,0.9,1.9,.482,1.8,2.6,4.5,0.2,0.3,1.1,0.7,1.9,3.7,,cissemo01
401,Yanic Konan Niederhäuser,22,LAC,C,34,0,9.0,1.4,2.1,.676,0.0,0.1,.000,1.4,2.0,.706,.676,0.9,1.3,.674,0.9,1.5,2.3,0.3,0.1,0.6,0.6,1.4,3.7,,konanya01
402,Jericho Sims,27,MIL,C,39,7,15.7,1.6,2.0,.821,0.0,0.0,,1.6,2.0,.821,.821,0.4,0.6,.652,1.4,2.9,4.3,0.8,0.2,0.2,0.9,1.8,3.7,,simsje01
403,Jabari Walker,23,PHI,PF,45,6,12.1,1.3,3.2,.403,0.4,1.4,.270,0.9,1.8,.506,.462,0.7,1.0,.727,1.1,1.9,3.1,0.5,0.4,0.2,0.4,1.6,3.7,,walkeja01
404,Larry Nance Jr.,33,CLE,PF,25,2,12.9,1.4,3.7,.380,0.6,1.9,.333,0.8,1.8,.432,.467,0.1,0.2,.600,0.8,1.7,2.6,1.0,0.6,0.2,0.4,1.8,3.6,,nancela02
405,Kelly Olynyk,34,SAS,C,30,0,9.5,1.3,2.6,.481,0.3,1.3,.237,1.0,1.4,.707,.538,0.7,1.0,.667,0.6,1.2,1.9,1.2,0.4,0.0,0.6,1.2,3.5,,olynyke01
406,Drew Timme,25,LAL,PF,18,0,8.3,1.4,2.6,.565,0.4,0.9,.412,1.1,1.6,.655,.641,0.2,0.4,.571,0.4,0.8,1.3,0.8,0.3,0.0,0.3,0.6,3.5,,timmedr01
407,Guerschon Yabusele,30,2TM,C,45,3,10.5,1.3,3.2,.397,0.7,2.0,.326,0.6,1.2,.519,.500,0.2,0.3,.643,0.6,1.7,2.3,0.5,0.2,0.2,0.4,1.0,3.4,,yabusgu01
407,Guerschon Yabusele,30,NYK,C,41,0,8.9,1.0,2.6,.393,0.5,1.7,.294,0.5,1.0,.564,.486,0.2,0.3,.667,0.6,1.5,2.1,0.4,0.1,0.1,0.4,0.9,2.7,,yabusgu01
407,Guerschon Yabusele,30,CHI,C,4,3,26.8,4.0,9.8,.410,2.5,6.0,.417,1.5,3.8,.400,.538,0.3,0.5,.500,1.3,3.0,4.3,1.5,1.0,0.5,0.8,2.8,10.8,,yabusgu01
408,Dalen Terry,23,2TM,SG,35,0,11.0,1.3,3.0,.433,0.5,1.3,.404,0.7,1.6,.456,.524,0.3,0.5,.529,0.5,1.3,1.9,1.3,0.6,0.3,0.6,0.9,3.4,,terryda01
408,Dalen Terry,23,CHI,SG,34,0,11.1,1.3,3.0,.441,0.6,1.4,.413,0.8,1.6,.464,.534,0.3,0.5,.529,0.6,1.3,1.9,1.3,0.6,0.3,0.6,1.0,3.5,,terryda01
408,Dalen Terry,23,PHI,SG,1,0,7.0,0.0,2.0,.000,0.0,1.0,.000,0.0,1.0,.000,.000,0.0,0.0,,0.0,1.0,1.0,1.0,0.0,0.0,1.0,0.0,0.0,,terryda01
409,Carter Bryant,20,SAS,PF,43,0,9.3,1.2,3.3,.371,0.6,1.8,.321,0.7,1.5,.431,.458,0.3,0.5,.682,0.4,1.5,2.0,0.3,0.2,0.2,0.3,0.9,3.4,,bryanca01
410,Cam Christie,20,LAC,SG,38,0,10.0,1.1,2.8,.398,0.3,1.1,.286,0.8,1.7,.470,.454,0.8,1.1,.762,0.3,1.3,1.6,0.6,0.3,0.1,0.4,0.4,3.4,,chrisca02
411,Caleb Martin,30,DAL,SF,46,10,14.0,1.3,3.0,.445,0.3,0.8,.368,1.0,2.2,.475,.496,0.5,0.8,.629,0.5,2.0,2.5,1.6,0.7,0.2,0.7,1.4,3.4,,martica02
412,TyTy Washington Jr.,24,LAC,PG,5,0,8.0,1.4,2.4,.583,0.6,1.2,.500,0.8,1.2,.667,.708,0.0,0.0,,0.2,0.2,0.4,1.8,0.8,0.4,0.2,0.4,3.4,,washity02
413,Patrick Baldwin Jr.,23,2TM,SF,3,0,4.7,1.0,1.3,.750,0.7,1.0,.667,0.3,0.3,1.000,1.000,0.7,0.7,1.000,0.0,0.7,0.7,0.0,0.0,0.0,0.3,0.7,3.3,,baldwpa01
413,Patrick Baldwin Jr.,23,LAC,SF,2,0,6.0,1.5,2.0,.750,1.0,1.5,.667,0.5,0.5,1.000,1.000,1.0,1.0,1.000,0.0,0.5,0.5,0.0,0.0,0.0,0.5,1.0,5.0,,baldwpa01
413,Patrick Baldwin Jr.,23,PHI,SF,1,0,2.0,0.0,0.0,,0.0,0.0,,0.0,0.0,,,0.0,0.0,,0.0,1.0,1.0,0.0,0.0,0.0,0.0,0.0,0.0,,baldwpa01
414,Koby Brea,23,PHO,SG,3,0,5.3,1.0,1.7,.600,0.7,1.3,.500,0.3,0.3,1.000,.800,0.7,0.7,1.000,0.0,0.7,0.7,0.7,0.0,0.0,0.0,0.0,3.3,,breako01
415,Isaiah Stevens,25,SAC,PG,3,0,14.3,1.0,2.3,.429,0.0,0.3,.000,1.0,2.0,.500,.429,1.3,1.3,1.000,0.7,0.3,1.0,3.3,1.7,0.0,0.7,0.7,3.3,,steveis01
416,James Wiseman,24,IND,C,4,1,14.5,1.5,2.5,.600,0.0,0.0,,1.5,2.5,.600,.600,0.3,0.5,.500,1.3,0.8,2.0,0.8,0.0,0.3,1.3,2.5,3.3,,wisemja01
417,Kobe Bufkin,22,LAL,SG,6,1,11.8,1.0,3.7,.273,0.5,2.0,.250,0.5,1.7,.300,.341,0.7,0.7,1.000,0.2,1.0,1.2,0.5,0.3,0.5,0.7,0.7,3.2,,bufkiko01
418,Kobe Brown,26,2TM,PF,36,1,9.5,1.1,2.6,.409,0.4,1.4,.275,0.7,1.2,.571,.484,0.6,0.8,.786,0.6,1.2,1.8,0.9,0.3,0.1,0.5,0.6,3.1,,brownko01
418,Kobe Brown,26,LAC,PF,34,0,8.7,1.0,2.5,.393,0.4,1.4,.265,0.6,1.0,.571,.470,0.6,0.8,.808,0.5,1.0,1.6,0.8,0.3,0.1,0.4,0.5,2.9,,brownko01
418,Kobe Brown,26,IND,PF,2,1,23.5,2.5,4.5,.556,0.5,1.0,.500,2.0,3.5,.571,.611,0.5,1.0,.500,2.0,4.5,6.5,2.0,0.5,0.0,1.0,3.5,6.0,,brownko01
419,John Konchar,29,2TM,SG,34,1,15.1,1.2,2.5,.477,0.4,1.4,.277,0.8,1.1,.718,.552,0.3,0.5,.625,0.8,2.4,3.1,1.4,1.1,0.5,0.4,1.1,3.1,,konchjo01
419,John Konchar,29,MEM,SG,30,1,14.5,1.2,2.4,.521,0.4,1.3,.333,0.8,1.1,.750,.613,0.3,0.4,.615,0.7,2.4,3.1,1.3,1.0,0.4,0.5,1.0,3.2,,konchjo01
419,John Konchar,29,UTA,SG,4,0,19.5,1.0,3.8,.267,0.0,2.0,.000,1.0,1.8,.571,.267,0.5,0.8,.667,1.5,2.3,3.8,2.0,1.3,1.0,0.3,2.3,2.5,,konchjo01
420,Jamison Battle,24,TOR,SF,39,2,8.5,1.2,2.3,.505,0.6,1.4,.415,0.6,1.0,.632,.626,0.2,0.2,.667,0.3,1.1,1.4,0.4,0.1,0.1,0.4,0.7,3.1,,battlja01
421,Keshad Johnson,24,MIA,SF,21,0,7.6,1.1,2.7,.404,0.3,1.1,.304,0.8,1.6,.471,.465,0.6,0.8,.765,0.7,1.1,1.9,0.1,0.2,0.2,0.4,0.8,3.1,,johnske10
422,Kam Jones,23,IND,SG,18,2,11.9,1.3,3.2,.414,0.3,1.4,.200,1.1,1.8,.576,.457,0.1,0.2,.500,0.3,0.7,1.1,1.5,0.2,0.0,0.4,0.6,3.1,,joneska03
423,Chaz Lanier,24,DET,SG,20,0,8.6,1.1,2.9,.368,0.8,2.3,.333,0.3,0.6,.500,.500,0.3,0.3,1.000,0.4,0.6,1.0,0.7,0.3,0.0,0.1,0.4,3.1,,laniech01
424,Mark Sears,23,MIL,PG,7,0,3.7,0.9,1.9,.462,0.6,1.1,.500,0.3,0.7,.400,.615,0.9,1.1,.750,0.1,0.1,0.3,0.3,0.0,0.0,0.6,0.6,3.1,,searsma01
425,Charles Bassey,25,2TM,C,3,0,12.0,1.3,3.0,.444,0.0,0.0,,1.3,3.0,.444,.444,0.3,1.0,.333,2.3,2.7,5.0,0.7,0.3,0.7,0.3,1.7,3.0,,bassech01
425,Charles Bassey,25,MEM,C,2,0,15.5,1.5,4.0,.375,0.0,0.0,,1.5,4.0,.375,.375,0.5,1.5,.333,3.5,4.0,7.5,1.0,0.5,0.5,0.5,2.5,3.5,,bassech01
425,Charles Bassey,25,PHI,C,1,0,5.0,1.0,1.0,1.000,0.0,0.0,,1.0,1.0,1.000,1.000,0.0,0.0,,0.0,0.0,0.0,0.0,0.0,1.0,0.0,0.0,2.0,,bassech01
426,Dalano Banton,26,LAC,PG,2,0,5.0,1.5,2.0,.750,0.0,0.0,,1.5,2.0,.750,.750,0.0,0.0,,0.5,0.0,0.5,1.0,0.5,0.0,0.5,0.0,3.0,,bantoda01
427,Joan Beringer,19,MIN,PF,27,0,6.7,1.4,2.1,.661,0.0,0.0,,1.4,2.1,.661,.661,0.3,0.5,.615,1.0,1.0,2.0,0.3,0.1,0.4,0.3,1.0,3.0,,berinjo01
428,Buddy Boeheim,26,OKC,SF,2,0,6.0,1.0,3.0,.333,1.0,3.0,.333,0.0,0.0,,.500,0.0,0.0,,0.0,0.0,0.0,0.0,0.0,0.0,0.0,0.0,3.0,,boehebu01
429,Tyus Jones,29,2TM,PG,51,9,15.8,1.1,3.3,.343,0.6,2.2,.282,0.5,1.2,.458,.435,0.1,0.1,1.000,0.2,0.9,1.1,2.5,0.7,0.1,0.3,0.5,3.0,,jonesty01
429,Tyus Jones,29,ORL,PG,48,8,15.7,1.1,3.3,.342,0.6,2.1,.294,0.5,1.2,.429,.437,0.1,0.1,1.000,0.2,0.9,1.1,2.4,0.7,0.1,0.3,0.5,3.0,,jonesty01
429,Tyus Jones,29,DAL,PG,3,1,17.0,1.3,3.7,.364,0.3,2.7,.125,1.0,1.0,1.000,.409,0.0,0.0,,0.0,0.7,0.7,4.3,0.7,0.0,0.7,1.0,3.0,,jonesty01
430,Chris Livingston,22,CLE,SF,3,0,5.7,1.3,2.3,.571,0.0,1.0,.000,1.3,1.3,1.000,.571,0.3,0.3,1.000,0.0,1.0,1.0,0.3,0.3,0.0,0.0,1.3,3.0,,livinch01
431,Lawson Lovering,22,MEM,C,1,0,18.0,1.0,2.0,.500,0.0,0.0,,1.0,2.0,.500,.500,1.0,2.0,.500,2.0,2.0,4.0,0.0,2.0,0.0,1.0,3.0,3.0,,loverla01
432,Emanuel Miller,25,CHI,PF,5,0,6.6,1.2,2.6,.462,0.4,1.2,.333,0.8,1.4,.571,.538,0.2,0.4,.500,0.2,0.4,0.6,0.8,0.4,0.0,0.0,0.4,3.0,,milleem01
433,Riley Minix,25,SAS,SF,3,0,2.7,1.3,2.0,.667,0.3,1.0,.333,1.0,1.0,1.000,.750,0.0,0.0,,0.3,0.3,0.7,0.3,0.3,0.0,0.0,0.3,3.0,,minixri01
434,Monte Morris,30,IND,PG,6,0,10.8,1.2,3.3,.350,0.3,1.3,.250,0.8,2.0,.417,.400,0.3,0.7,.500,0.2,1.0,1.2,1.5,0.2,0.2,0.3,0.5,3.0,,morrimo01
435,Antonio Reeves,25,CHO,SG,7,0,8.0,1.1,2.3,.500,0.7,1.4,.500,0.4,0.9,.500,.656,0.0,0.0,,0.1,0.6,0.7,0.3,0.1,0.0,0.0,0.4,3.0,,reevean01
436,Pat Connaughton,33,CHO,SG,22,0,7.0,1.0,2.0,.489,0.5,1.2,.407,0.5,0.8,.611,.611,0.4,0.6,.615,0.3,1.1,1.4,0.6,0.2,0.0,0.1,0.2,2.9,,connapa01
437,Dorian Finney-Smith,32,HOU,PF,20,0,15.8,1.0,3.4,.299,0.7,2.7,.245,0.4,0.7,.500,.396,0.3,0.3,1.000,0.9,1.5,2.4,0.8,0.4,0.2,0.6,1.7,2.9,,finnedo01
438,David Jones García,24,SAS,SF,11,0,6.2,1.2,2.3,.520,0.3,0.5,.600,0.9,1.8,.500,.580,0.3,0.5,.500,0.4,0.8,1.2,1.6,0.5,0.1,0.5,0.5,2.9,,jonesda06
439,Kevon Looney,29,NOP,C,18,6,13.9,1.3,2.9,.442,0.1,0.5,.111,1.2,2.4,.512,.452,0.3,0.4,.625,2.3,3.0,5.3,1.4,0.3,0.5,0.4,1.8,2.9,,looneke01
440,Chris Paul,40,LAC,PG,16,0,14.3,1.1,3.5,.321,0.6,1.9,.333,0.5,1.6,.308,.411,0.1,0.1,.500,0.4,1.4,1.8,3.3,0.7,0.0,1.0,1.4,2.9,,paulch01
441,Dwight Powell,34,DAL,C,40,7,13.5,0.9,1.5,.627,0.0,0.1,.000,0.9,1.4,.649,.627,1.0,1.6,.645,1.3,2.2,3.6,1.0,0.5,0.3,0.5,1.8,2.9,,poweldw01
442,Duop Reath,29,POR,C,32,0,8.1,1.0,2.3,.446,0.7,1.7,.418,0.3,0.6,.526,.601,0.2,0.2,.833,0.3,0.9,1.2,0.3,0.2,0.3,0.2,0.9,2.9,,reathdu01
443,Rayan Rupert,21,POR,SG,48,0,12.0,1.1,3.1,.361,0.5,1.5,.310,0.6,1.6,.408,.435,0.2,0.3,.643,0.5,1.3,1.8,0.7,0.6,0.0,0.6,1.3,2.9,,ruperra01
444,Christian Koloko,25,3TM,C,20,4,15.3,1.3,3.0,.433,0.1,0.3,.200,1.3,2.8,.455,.442,0.2,0.3,.500,1.3,2.0,3.3,0.7,0.6,1.0,0.6,2.1,2.8,,kolokch01
444,Christian Koloko,25,LAL,C,2,0,3.0,0.0,0.0,,0.0,0.0,,0.0,0.0,,,0.0,0.0,,0.0,0.5,0.5,0.0,0.0,0.0,0.0,0.5,0.0,,kolokch01
444,Christian Koloko,25,MEM,C,11,2,17.7,1.3,3.2,.400,0.0,0.1,.000,1.3,3.1,.412,.400,0.1,0.4,.250,1.7,2.3,4.0,0.9,0.9,1.2,0.6,1.8,2.6,,kolokch01
444,Christian Koloko,25,ATL,C,7,2,15.0,1.7,3.6,.480,0.1,0.6,.250,1.6,3.0,.524,.500,0.3,0.3,1.000,1.0,2.0,3.0,0.6,0.3,1.0,0.7,3.0,3.9,,kolokch01
445,Julian Phillips,22,2TM,SF,37,2,9.2,1.1,2.5,.424,0.4,1.4,.320,0.6,1.1,.548,.511,0.3,0.4,.846,0.6,0.6,1.2,0.2,0.5,0.2,0.2,0.9,2.8,,phillju01
445,Julian Phillips,22,CHI,SF,35,2,9.5,1.1,2.5,.420,0.5,1.4,.327,0.6,1.1,.538,.511,0.3,0.3,.818,0.6,0.6,1.3,0.2,0.5,0.2,0.2,0.9,2.8,,phillju01
445,Julian Phillips,22,MIN,SF,2,0,4.0,1.0,2.0,.500,0.0,0.5,.000,1.0,1.5,.667,.500,1.0,1.0,1.000,0.0,0.0,0.0,0.0,1.0,0.0,0.0,0.5,3.0,,phillju01
446,Trey Alexander,22,NOP,SG,5,0,8.4,1.2,1.8,.667,0.4,0.6,.667,0.8,1.2,.667,.778,0.0,0.0,,0.0,0.8,0.8,1.0,0.2,0.2,0.2,0.8,2.8,,alexatr01
447,Jonathan Isaac,28,ORL,PF,44,0,10.0,0.9,2.1,.436,0.2,0.8,.194,0.8,1.3,.586,.473,0.7,1.1,.640,0.8,1.8,2.5,0.4,0.4,0.6,0.4,0.8,2.8,,isaacjo01
448,Miles Kelly,23,DAL,PG,12,0,8.5,1.1,2.8,.394,0.7,2.2,.308,0.4,0.6,.714,.515,0.0,0.0,,0.3,1.3,1.6,0.7,0.3,0.0,0.3,0.9,2.8,,kellymi02
449,Amir Coffey,28,2TM,SG,32,2,9.3,1.0,2.1,.470,0.3,1.0,.290,0.7,1.1,.629,.538,0.5,0.6,.842,0.3,0.8,1.0,0.4,0.1,0.1,0.2,0.6,2.7,,coffeam01
449,Amir Coffey,28,MIL,SG,30,2,8.8,0.9,1.8,.473,0.2,0.8,.280,0.6,1.0,.633,.536,0.4,0.5,.867,0.2,0.7,0.9,0.4,0.1,0.1,0.1,0.5,2.4,,coffeam01
449,Amir Coffey,28,PHO,SG,2,0,16.5,2.5,5.5,.455,1.0,3.0,.333,1.5,2.5,.600,.545,1.5,2.0,.750,1.0,2.5,3.5,1.5,0.5,0.0,0.5,2.5,7.5,,coffeam01
450,Jamal Cain,26,ORL,SF,19,0,6.9,0.8,2.0,.395,0.3,1.0,.316,0.5,1.0,.474,.474,0.8,0.9,.833,0.4,0.4,0.7,0.3,0.2,0.1,0.4,1.2,2.7,,cainja01
451,Mohamed Diawara,20,NYK,SF,45,6,7.1,1.0,2.3,.456,0.6,1.4,.413,0.5,0.9,.525,.583,0.1,0.1,.500,0.2,1.0,1.2,0.5,0.2,0.1,0.3,0.6,2.7,,diawamo01
452,Ron Harper Jr.,25,BOS,SF,10,1,10.6,1.0,3.1,.323,0.6,2.4,.250,0.4,0.7,.571,.419,0.1,0.2,.500,0.9,1.2,2.1,0.8,0.1,0.4,0.1,0.9,2.7,,harpero02
453,Jae'Sean Tate,30,HOU,SF,32,0,8.3,1.2,2.3,.507,0.2,0.7,.318,0.9,1.6,.588,.555,0.1,0.2,.571,0.7,0.8,1.5,0.5,0.3,0.1,0.3,1.1,2.7,,tateja01
454,Rasheer Fleming,21,PHO,PF,30,0,7.0,1.0,2.7,.354,0.4,1.5,.239,0.6,1.2,.500,.421,0.3,0.4,.727,0.7,0.6,1.3,0.2,0.2,0.2,0.3,0.7,2.6,,flemira01
455,Alijah Martin,24,TOR,SG,13,0,7.5,0.8,2.5,.344,0.2,0.9,.167,0.7,1.5,.450,.375,0.8,0.9,.833,0.5,0.6,1.1,0.6,0.5,0.2,0.2,0.8,2.6,,martial01
456,AJ Johnson,21,2TM,SG,28,0,8.0,1.0,3.1,.307,0.3,1.0,.259,0.7,2.2,.328,.347,0.3,0.4,.750,0.3,0.9,1.1,0.8,0.3,0.0,0.6,0.5,2.5,,johnsaj01
456,AJ Johnson,21,WAS,SG,25,0,8.6,1.1,3.3,.325,0.3,1.0,.280,0.8,2.3,.345,.367,0.4,0.5,.750,0.3,0.9,1.2,0.9,0.3,0.0,0.7,0.6,2.8,,johnsaj01
456,AJ Johnson,21,DAL,SG,3,0,3.7,0.0,1.7,.000,0.0,0.7,.000,0.0,1.0,.000,.000,0.0,0.0,,0.0,0.3,0.3,0.3,0.0,0.0,0.0,0.0,0.0,,johnsaj01
457,Gary Harris,31,MIL,SG,38,2,14.6,0.9,1.9,.446,0.5,1.2,.426,0.3,0.7,.481,.581,0.2,0.2,.889,0.3,1.1,1.4,1.1,0.6,0.2,0.4,1.1,2.5,,harriga01
458,Anthony Gill,33,WAS,PF,28,0,8.0,0.9,1.7,.542,0.1,0.5,.308,0.8,1.3,.629,.583,0.4,0.4,.833,0.6,1.1,1.7,0.3,0.4,0.2,0.4,0.8,2.4,,gillan01
459,Elijah Harkless,25,UTA,SG,7,0,9.4,0.6,1.6,.364,0.3,1.0,.286,0.3,0.6,.500,.455,1.0,1.3,.778,0.3,0.6,0.9,0.7,0.6,0.0,0.4,1.4,2.4,,harklej01
460,Taelon Peter,23,IND,SG,24,0,8.2,0.8,2.4,.328,0.7,2.2,.302,0.1,0.2,.600,.466,0.2,0.3,.667,0.3,0.9,1.2,1.0,0.4,0.1,0.4,0.5,2.4,,peterta01
461,Leonard Miller,22,2TM,SF,21,0,5.0,1.0,1.7,.571,0.0,0.6,.083,0.9,1.1,.826,.586,0.4,0.6,.667,0.3,1.0,1.3,0.2,0.2,0.0,0.4,0.6,2.3,,millele01
461,Leonard Miller,22,MIN,SF,19,0,5.0,0.9,1.7,.545,0.1,0.6,.083,0.9,1.1,.810,.561,0.4,0.6,.636,0.4,0.9,1.3,0.3,0.2,0.0,0.5,0.6,2.3,,millele01
461,Leonard Miller,22,CHI,SF,2,0,4.5,1.0,1.0,1.000,0.0,0.0,,1.0,1.0,1.000,1.000,0.5,0.5,1.000,0.0,1.5,1.5,0.0,0.5,0.0,0.0,0.5,2.5,,millele01
462,Chris Boucher,33,BOS,PF,9,0,10.4,0.9,2.8,.320,0.2,1.7,.133,0.7,1.1,.600,.360,0.3,0.4,.750,0.2,1.8,2.0,0.3,0.6,0.8,0.1,1.9,2.3,,bouchch01
463,Jeff Green,39,HOU,PF,18,0,4.6,0.8,1.8,.469,0.6,1.3,.435,0.3,0.5,.556,.625,0.1,0.1,1.000,0.1,0.5,0.6,0.2,0.1,0.1,0.1,0.3,2.3,,greenje02
464,Caleb Houstan,23,ATL,SF,10,0,4.9,0.7,1.5,.467,0.6,1.2,.500,0.1,0.3,.333,.667,0.3,0.3,1.000,0.4,0.1,0.5,0.2,0.1,0.1,0.4,0.6,2.3,,houstca01
465,Maxi Kleber,34,LAL,PF,29,1,11.5,0.8,1.8,.434,0.2,0.7,.286,0.6,1.1,.531,.491,0.5,0.7,.700,0.8,1.1,1.9,0.7,0.4,0.2,0.4,1.6,2.3,,klebima01
466,Luke Travers,24,CLE,SG,12,0,8.6,0.8,3.0,.250,0.1,1.3,.063,0.7,1.7,.400,.264,0.8,0.8,1.000,0.8,1.3,2.0,0.8,0.6,0.3,0.3,0.5,2.3,,travelu01
467,JD Davison,23,HOU,PG,24,0,7.4,0.8,2.1,.392,0.3,1.1,.296,0.5,1.0,.500,.471,0.2,0.4,.556,0.1,0.8,0.9,1.1,0.2,0.2,0.3,0.7,2.2,,davisjd01
468,Yang Hansen,20,POR,C,34,1,7.5,0.7,2.5,.298,0.1,1.1,.135,0.6,1.4,.426,.327,0.6,0.6,.950,0.5,1.1,1.6,0.6,0.1,0.2,0.9,1.2,2.2,,yangha01
469,Bronny James,21,LAL,SG,29,1,7.3,0.8,2.1,.400,0.4,0.9,.407,0.4,1.1,.394,.492,0.1,0.2,.800,0.1,0.4,0.5,1.2,0.4,0.1,0.5,0.6,2.2,,jamesbr02
470,E.J. Liddell,25,BRK,PF,10,0,4.9,0.8,1.7,.471,0.4,1.1,.364,0.4,0.6,.667,.588,0.2,0.3,.667,0.3,0.8,1.1,0.0,0.1,0.0,0.0,0.4,2.2,,liddeej01
471,Isaiah Livers,27,PHO,PF,29,0,10.1,0.8,1.8,.423,0.4,1.2,.343,0.3,0.6,.588,.538,0.2,0.3,.700,0.6,1.3,1.9,0.7,0.4,0.3,0.4,0.9,2.2,,liveris01
472,Jordan McLaughlin,29,SAS,PG,25,0,6.2,0.8,1.9,.426,0.4,1.0,.417,0.4,0.9,.435,.532,0.2,0.2,.800,0.2,0.6,0.7,0.8,0.5,0.0,0.4,0.4,2.2,,mclaujo01
473,Hunter Tyson,25,DEN,PF,21,2,7.7,0.7,2.5,.269,0.3,1.6,.212,0.3,0.9,.368,.337,0.5,0.6,.846,0.2,1.5,1.7,0.8,0.1,0.0,0.2,0.6,2.2,,tysonhu01
474,Xavier Tillman Sr.,27,2TM,C,15,1,7.5,0.9,2.1,.452,0.2,1.0,.200,0.7,1.1,.688,.500,0.0,0.0,,0.7,1.0,1.7,0.3,0.4,0.1,0.3,0.6,2.1,,tillmxa01
474,Xavier Tillman Sr.,27,BOS,C,14,1,7.9,1.0,2.2,.452,0.2,1.1,.200,0.8,1.1,.688,.500,0.0,0.0,,0.7,1.1,1.8,0.4,0.4,0.1,0.4,0.6,2.2,,tillmxa01
474,Xavier Tillman Sr.,27,CHO,C,1,0,1.0,0.0,0.0,,0.0,0.0,,0.0,0.0,,,0.0,0.0,,0.0,0.0,0.0,0.0,0.0,0.0,0.0,0.0,0.0,,tillmxa01
475,Ariel Hukporti,23,NYK,C,39,4,9.3,0.8,1.4,.566,0.0,0.1,.250,0.7,1.3,.592,.575,0.5,0.7,.731,1.0,1.9,2.9,0.5,0.1,0.5,0.5,1.3,2.1,,hukpoar01
476,Kevin McCullar Jr.,24,NYK,SF,16,0,7.7,0.8,2.1,.394,0.4,1.1,.353,0.4,1.0,.438,.485,0.1,0.3,.400,0.6,0.9,1.5,1.2,0.4,0.0,0.7,1.1,2.1,,mcculke01
477,Jahmir Young,25,MIA,PG,8,0,5.5,0.9,2.4,.368,0.3,0.9,.286,0.6,1.5,.417,.421,0.1,0.1,1.000,0.3,0.3,0.5,0.8,0.1,0.0,0.3,0.5,2.1,,youngja05
478,LJ Cryer,24,GSW,PG,3,0,2.7,0.7,1.7,.400,0.7,1.3,.500,0.0,0.3,.000,.600,0.0,0.0,,0.0,0.3,0.3,0.0,0.0,0.0,0.0,0.3,2.0,,cryerlj01
479,Hunter Dickinson,25,NOP,C,1,0,5.0,1.0,2.0,.500,0.0,0.0,,1.0,2.0,.500,.500,0.0,0.0,,0.0,0.0,0.0,0.0,0.0,1.0,2.0,2.0,2.0,,dickihu01
480,Tristan Enaruna,24,CLE,SF,3,0,5.0,1.0,2.0,.500,0.0,0.3,.000,1.0,1.7,.600,.500,0.0,0.0,,1.7,0.3,2.0,0.7,0.0,0.0,0.0,0.0,2.0,,enarutr01
481,Trentyn Flowers,20,CHI,SF,2,0,3.0,1.0,1.5,.667,0.0,0.5,.000,1.0,1.0,1.000,.667,0.0,0.0,,0.5,0.0,0.5,0.5,0.0,0.0,0.5,0.5,2.0,,flowetr01
482,Keshon Gilbert,22,WAS,,3,0,16.0,0.3,1.3,.250,0.0,0.7,.000,0.3,0.7,.500,.250,1.3,1.3,1.000,0.7,1.0,1.7,1.0,0.7,1.3,2.0,1.0,2.0,,gilbeke01
483,Vladislav Goldin,24,MIA,C,2,0,4.0,1.0,1.0,1.000,0.0,0.0,,1.0,1.0,1.000,1.000,0.0,0.0,,0.0,0.5,0.5,1.0,0.0,0.5,0.0,1.5,2.0,,goldivl01
484,Colby Jones,23,DET,SG,1,0,7.0,1.0,3.0,.333,0.0,2.0,.000,1.0,1.0,1.000,.333,0.0,0.0,,0.0,4.0,4.0,2.0,0.0,0.0,0.0,1.0,2.0,,jonesco02
485,Johnny Juzang,24,MIN,SG,21,0,4.2,0.8,1.8,.421,0.3,1.1,.250,0.5,0.7,.714,.500,0.2,0.4,.625,0.2,0.6,0.8,0.3,0.1,0.0,0.2,0.1,2.0,,juzanjo01
486,Wendell Moore Jr.,24,DET,SG,5,0,10.8,0.8,1.4,.571,0.0,0.2,.000,0.8,1.2,.667,.571,0.4,0.4,1.000,0.2,1.0,1.2,0.6,0.4,0.4,0.2,0.2,2.0,,moorewe01
487,Nikola Topić,20,OKC,PG,1,0,12.0,1.0,3.0,.333,0.0,2.0,.000,1.0,1.0,1.000,.333,0.0,0.0,,0.0,1.0,1.0,1.0,0.0,0.0,3.0,0.0,2.0,,topicni01
488,Oscar Tshiebwe,26,UTA,C,3,0,10.0,1.0,2.0,.500,0.0,0.0,,1.0,2.0,.500,.500,0.0,0.3,.000,1.7,1.3,3.0,1.7,0.3,0.0,0.3,1.0,2.0,,tshieos01
489,Chris Youngblood,23,OKC,SG,32,0,5.4,0.6,1.9,.333,0.5,1.6,.314,0.1,0.3,.444,.467,0.3,0.3,.900,0.2,0.7,0.9,0.3,0.1,0.1,0.1,0.6,2.0,,youngch01
490,Bobi Klintman,22,DET,SF,9,0,7.1,0.8,2.7,.292,0.3,1.3,.250,0.4,1.3,.333,.354,0.0,0.3,.000,0.6,1.3,1.9,0.4,0.3,0.0,0.6,1.2,1.9,,klintbo01
491,Mason Plumlee,35,CHO,C,14,2,8.9,0.6,0.9,.750,0.0,0.0,,0.6,0.9,.750,.750,0.6,0.9,.667,0.7,2.1,2.9,1.1,0.4,0.0,0.6,0.7,1.9,,plumlma01
492,Lindy Waters III,28,SAS,SG,28,0,6.8,0.7,1.9,.352,0.5,1.7,.319,0.1,0.3,.571,.491,0.0,0.0,1.000,0.1,0.7,0.8,0.4,0.1,0.0,0.1,0.6,1.9,,waterli01
493,Harrison Ingram,23,SAS,SF,4,0,3.3,0.8,1.0,.750,0.3,0.3,1.000,0.5,0.8,.667,.875,0.0,0.0,,0.8,0.0,0.8,0.0,0.0,0.0,0.0,0.5,1.8,,ingraha01
494,Dillon Jones,24,NYK,SF,4,0,5.3,0.3,1.3,.200,0.3,0.8,.333,0.0,0.5,.000,.300,1.0,1.0,1.000,0.5,0.8,1.3,0.8,0.5,0.0,0.0,0.8,1.8,,jonesdi01
495,Cody Martin,30,IND,SF,4,0,13.8,0.5,2.5,.200,0.0,1.3,.000,0.5,1.3,.400,.200,0.8,1.5,.500,0.3,3.3,3.5,0.5,1.0,0.5,1.0,1.3,1.8,,martico01
496,Orlando Robinson,25,ORL,C,4,1,6.3,0.8,1.3,.600,0.3,0.5,.500,0.5,0.8,.667,.700,0.0,0.0,,0.5,0.5,1.0,0.8,0.3,0.0,0.0,0.8,1.8,,robinor01
497,Kyle Lowry,39,PHI,PG,7,0,9.0,0.4,1.4,.300,0.4,1.4,.300,0.0,0.0,,.450,0.4,0.6,.750,0.0,0.6,0.6,1.1,0.3,0.1,0.3,0.4,1.7,,lowryky01
498,Brooks Barnhizer,23,OKC,SG,29,0,7.6,0.6,1.6,.391,0.2,0.6,.313,0.4,1.0,.433,.446,0.1,0.2,.667,0.3,1.4,1.8,0.6,0.2,0.1,0.2,0.7,1.6,,barnhbr01
499,Jacob Toppin,25,ATL,SF,5,0,3.4,0.8,1.2,.667,0.0,0.0,,0.8,1.2,.667,.667,0.0,0.0,,0.0,0.2,0.2,0.2,0.0,0.2,0.0,0.2,1.6,,toppija01
500,Amari Williams,24,BOS,PF,14,2,8.0,0.5,1.1,.438,0.0,0.0,,0.5,1.1,.438,.438,0.6,0.9,.667,0.5,1.6,2.1,0.4,0.1,0.6,0.4,1.1,1.6,,william01
501,Tyson Etienne,26,BRK,PG,8,0,4.3,0.5,1.9,.267,0.5,1.6,.308,0.0,0.3,.000,.400,0.0,0.0,,0.0,0.0,0.0,0.1,0.0,0.0,0.1,0.6,1.5,,etienty01
502,Andre Jackson Jr.,24,MIL,SG,26,0,6.5,0.5,1.7,.267,0.2,1.0,.192,0.3,0.7,.368,.322,0.3,0.4,.900,0.4,0.5,0.9,0.9,0.2,0.1,0.3,1.0,1.5,,jacksan01
503,Curtis Jones,24,DEN,SG,6,0,5.2,0.7,2.3,.286,0.2,1.5,.111,0.5,0.8,.600,.321,0.0,0.0,,0.2,0.7,0.8,0.5,0.0,0.0,0.2,0.5,1.5,,jonescu01
504,Adou Thiero,21,LAL,SF,17,0,5.8,0.5,1.2,.450,0.0,0.1,.000,0.5,1.1,.474,.450,0.4,0.5,.778,0.4,0.6,1.1,0.3,0.3,0.1,0.2,0.9,1.5,,thierad01
505,Javonte Cooke,26,POR,SG,16,0,5.2,0.6,2.2,.257,0.2,1.2,.158,0.4,1.0,.375,.300,0.1,0.1,1.000,0.2,0.8,0.9,0.4,0.4,0.0,0.6,0.4,1.4,,cookeja01
506,Isaiah Crawford,24,HOU,SF,5,0,5.6,0.6,1.2,.500,0.2,0.8,.250,0.4,0.4,1.000,.583,0.0,0.0,,0.0,0.4,0.4,0.4,0.4,0.4,0.0,0.0,1.4,,crawfis01
507,Lachlan Olbrich,22,CHI,C,17,0,7.1,0.5,1.2,.429,0.1,0.4,.286,0.4,0.8,.500,.476,0.2,0.6,.400,0.7,1.5,2.2,0.7,0.1,0.1,0.2,1.3,1.4,,olbrila01
508,Isaac Jones,25,2TM,PF,4,1,4.5,0.5,1.0,.500,0.0,0.5,.000,0.5,0.5,1.000,.500,0.3,0.5,.500,0.5,0.0,0.5,0.3,0.0,0.0,0.0,1.0,1.3,,jonesis01
508,Isaac Jones,25,SAC,PF,3,1,5.7,0.3,0.7,.500,0.0,0.3,.000,0.3,0.3,1.000,.500,0.3,0.7,.500,0.7,0.0,0.7,0.3,0.0,0.0,0.0,1.3,1.0,,jonesis01
508,Isaac Jones,25,DET,PF,1,0,1.0,1.0,2.0,.500,0.0,1.0,.000,1.0,1.0,1.000,.500,0.0,0.0,,0.0,0.0,0.0,0.0,0.0,0.0,0.0,0.0,2.0,,jonesis01
509,Nigel Hayes-Davis,31,PHO,SF,27,0,7.2,0.6,1.7,.326,0.1,0.6,.125,0.5,1.1,.433,.348,0.1,0.1,.500,0.4,0.8,1.2,0.3,0.3,0.1,0.3,0.6,1.3,,hayesni01
510,Khaman Maluach,19,PHO,C,23,0,4.7,0.5,1.0,.458,0.0,0.3,.000,0.5,0.8,.611,.458,0.4,0.4,.900,0.3,0.8,1.1,0.1,0.0,0.4,0.4,0.7,1.3,,maluakh01
511,Jonathan Mogbo,24,TOR,PF,23,0,6.0,0.6,1.2,.500,0.0,0.0,,0.6,1.2,.500,.500,0.1,0.2,.400,0.5,1.1,1.6,0.4,0.2,0.2,0.3,0.6,1.3,,mogbojo01
512,Thanasis Antetokounmpo,33,MIL,SF,19,0,3.0,0.4,0.8,.533,0.0,0.1,.000,0.4,0.7,.571,.533,0.3,0.6,.545,0.4,0.3,0.7,0.1,0.3,0.2,0.2,0.5,1.2,,antetth01
513,Malevy Leons,26,GSW,SF,5,0,4.2,0.4,1.2,.333,0.0,0.4,.000,0.4,0.8,.500,.333,0.4,0.4,1.000,0.4,1.4,1.8,0.2,0.2,0.2,0.4,0.2,1.2,,leonsma01
514,Hunter Sallis,22,PHI,SG,7,0,3.7,0.4,0.7,.600,0.0,0.0,,0.4,0.7,.600,.600,0.1,0.3,.500,0.0,0.1,0.1,0.6,0.0,0.1,0.7,0.3,1.0,,sallihu01
515,Dario Šarić,31,SAC,C,5,0,8.2,0.2,1.2,.167,0.2,0.6,.333,0.0,0.6,.000,.250,0.4,0.4,1.000,0.2,1.0,1.2,0.4,0.0,0.0,0.4,0.6,1.0,,saricda01
516,Johni Broome,23,PHI,C,11,0,5.0,0.4,2.2,.167,0.0,0.5,.000,0.4,1.7,.211,.167,0.2,0.5,.333,0.6,0.8,1.5,0.4,0.3,0.2,0.3,0.6,0.9,,broomjo01
517,Trey Jemison,26,NYK,C,10,0,5.7,0.4,0.7,.571,0.0,0.0,,0.4,0.7,.571,.571,0.1,0.1,1.000,0.7,0.8,1.5,0.2,0.1,0.2,0.5,0.7,0.9,,jemistr01
518,N'Faly Dante,24,ATL,C,4,0,3.8,0.3,1.0,.250,0.0,0.0,,0.3,1.0,.250,.250,0.3,0.3,1.000,0.8,1.0,1.8,0.0,0.5,0.0,0.3,0.3,0.8,,nfalyda01
519,Drew Peterson,26,CHO,PF,6,0,10.7,0.3,2.7,.125,0.0,2.0,.000,0.3,0.7,.500,.125,0.2,0.3,.500,0.5,1.0,1.5,0.3,0.5,0.2,0.0,0.5,0.8,,peterdr01
520,Pacome Dadiet,20,NYK,SG,20,0,3.4,0.2,0.7,.231,0.1,0.4,.125,0.1,0.3,.400,.269,0.3,0.3,1.000,0.1,0.6,0.7,0.5,0.2,0.0,0.0,0.2,0.7,,dadiepa01
521,Bismack Biyombo,33,SAS,C,14,1,5.6,0.3,0.5,.571,0.0,0.0,,0.3,0.5,.571,.571,0.1,0.1,.500,0.3,0.6,0.9,0.2,0.2,0.1,0.4,1.0,0.6,,biyombi01
522,Joe Ingles,38,MIN,SF,19,0,4.0,0.2,0.4,.375,0.1,0.3,.333,0.1,0.1,.500,.500,0.1,0.1,1.000,0.0,0.4,0.4,0.8,0.4,0.0,0.4,0.3,0.5,,inglejo01
523,Chris Mañon,24,LAL,SG,5,0,4.2,0.0,0.2,.000,0.0,0.2,.000,0.0,0.0,,.000,0.4,0.4,1.000,0.2,0.6,0.8,0.2,0.6,0.4,0.2,0.6,0.4,,manonch01
524,Garrett Temple,39,TOR,SG,13,0,2.8,0.1,0.5,.143,0.1,0.4,.200,0.0,0.2,.000,.214,0.1,0.2,.500,0.0,0.3,0.3,0.3,0.2,0.1,0.2,0.2,0.3,,templga01
525,Jahmyl Telfort,24,LAC,PF,8,0,4.0,0.0,0.5,.000,0.0,0.5,.000,0.0,0.0,,.000,0.1,0.5,.250,0.0,0.4,0.4,0.1,0.1,0.0,0.1,0.6,0.1,,telfoja01
526,Mo Bamba,27,TOR,C,2,0,3.0,0.0,1.0,.000,0.0,0.0,,0.0,1.0,.000,.000,0.0,0.0,,0.5,0.5,1.0,0.0,0.0,0.5,0.0,1.0,0.0,,bambamo01
527,Noa Essengue,19,CHI,PF,2,0,3.0,0.0,1.5,.000,0.0,1.0,.000,0.0,0.5,.000,.000,0.0,0.0,,0.0,0.0,0.0,0.0,0.5,0.0,0.0,0.5,0.0,,essenno01
528,Tosan Evbuomwan,24,NYK,SF,5,0,1.6,0.0,0.2,.000,0.0,0.0,,0.0,0.2,.000,.000,0.0,0.0,,0.2,0.2,0.4,0.0,0.0,0.0,0.0,0.2,0.0,,evbuoto01
529,Enrique Freeman,25,MIN,PF,2,0,4.0,0.0,0.0,,0.0,0.0,,0.0,0.0,,,0.0,0.0,,0.0,1.5,1.5,0.0,0.0,0.5,0.0,0.0,0.0,,freemen01
530,Chucky Hepburn,22,TOR,PG,2,0,6.5,0.0,3.0,.000,0.0,2.5,.000,0.0,0.5,.000,.000,0.0,0.0,,0.0,0.5,0.5,1.0,0.5,0.0,0.5,1.0,0.0,,hepbuch01
531,Max Shulga,23,BOS,SG,1,0,2.0,0.0,1.0,.000,0.0,0.0,,0.0,1.0,.000,.000,0.0,0.0,,0.0,0.0,0.0,0.0,0.0,0.0,0.0,0.0,0.0,,shulgma01
532,Stanley Umude,26,SAS,SG,1,0,2.0,0.0,0.0,,0.0,0.0,,0.0,0.0,,,0.0,0.0,,0.0,0.0,0.0,0.0,0.0,0.0,0.0,1.0,0.0,,umudest01
,League Average,,,,,,,,,.469,,,.359,,,.547,.543,,,.784,,,,,,,,,,,-9999